prediction,actual_speed,error,age_yrs,session_mass_kg,session_height_m,max_shoulder_internal_rotational_velo,max_elbow_extension_velo,max_torso_rotational_velo,max_rotation_hip_shoulder_separation,max_elbow_flexion,max_shoulder_external_rotation,elbow_flexion_fp,elbow_pronation_fp,rotation_hip_shoulder_separation_fp,shoulder_horizontal_abduction_fp,shoulder_abduction_fp,shoulder_external_rotation_fp,lead_knee_extension_angular_velo_fp,lead_knee_extension_angular_velo_br,lead_knee_extension_angular_velo_max,torso_anterior_tilt_fp,torso_lateral_tilt_fp,torso_rotation_fp,pelvis_anterior_tilt_fp,pelvis_lateral_tilt_fp,pelvis_rotation_fp,max_cog_velo_x,torso_rotation_min,max_pelvis_rotational_velo,glove_shoulder_horizontal_abduction_fp,glove_shoulder_abduction_fp,glove_shoulder_external_rotation_fp,glove_shoulder_abduction_mer,elbow_flexion_mer,torso_anterior_tilt_mer,torso_lateral_tilt_mer,torso_rotation_mer,elbow_varus_moment,shoulder_internal_rotation_moment,torso_anterior_tilt_br,torso_lateral_tilt_br,torso_rotation_br,lead_knee_extension_from_fp_to_br,cog_velo_pkh,stride_length,stride_angle,arm_slot,timing_peak_torso_to_peak_pelvis_rot_velo,max_shoulder_horizontal_abduction,shoulder_transfer_fp_br,shoulder_generation_fp_br,shoulder_absorption_fp_br,elbow_transfer_fp_br,elbow_generation_fp_br,elbow_absorption_fp_br,lead_hip_transfer_fp_br,lead_hip_generation_fp_br,lead_hip_absorption_fp_br,lead_knee_transfer_fp_br,lead_knee_generation_fp_br,lead_knee_absorption_fp_br,rear_hip_transfer_pkh_fp,rear_hip_generation_pkh_fp,rear_hip_absorption_pkh_fp,rear_knee_transfer_pkh_fp,rear_knee_generation_pkh_fp,rear_knee_absorption_pkh_fp,pelvis_lumbar_transfer_fp_br,thorax_distal_transfer_fp_br,rear_grf_x_max,rear_grf_y_max,rear_grf_z_max,rear_grf_mag_max,rear_grf_angle_at_max,lead_grf_x_max,lead_grf_y_max,lead_grf_z_max,lead_grf_mag_max,lead_grf_angle_at_max,peak_rfd_rear,peak_rfd_lead
85.5,85.8,0.3,20.61,83.916,1.8034,4142.6536,2408.0675,1001.575,24.4678,127.5656,167.142,113.2881,5.7058,23.3587,36.5858,83.289,72.8454,184.7391,295.3213,296.5685,-10.2178,-11.6184,12.28,4.7336,-2.1234,34.287,2.911,-36.5084,890.6971,53.9996,55.0782,-52.873,30.4868,100.2856,6.3816,22.7246,100.7556,81.5511,75.7562,29.9188,17.6173,116.1532,5.6568,0.2911,0.8259,1.3079,45.1456,0.0111,36.6277,299.2055,29.775,5.6767,304.0387,3.0514,61.9591,36.3079,17.6011,138.5201,59.3158,23.3392,16.8629,83.5586,200.883,32.3837,46.4441,19.5858,29.3535,93.5198,304.8822,763.8934,170.8685,1056.9038,1293.4631,54.0125,894.7809,67.7017,1690.6136,1855.5068,65.9036,4.0892,86.131
83.89,82.5,1.39,20.61,83.916,1.8034,4156.2346,2380.1857,989.2895,25.4633,127.7994,168.1058,118.0506,7.9869,25.3443,37.9243,79.0065,74.2949,155.41,213.4736,265.1168,-12.0457,-13.0144,10.0284,2.8363,-2.9294,33.8505,2.7479,-39.0261,893.8009,56.6379,57.1883,-55.071,28.2466,95.7976,6.5767,23.6126,101.3479,80.6744,75.947,30.4144,17.3242,115.7723,7.9701,0.3214,0.8109,1.1344,45.3572,0.0139,37.9857,313.8068,27.0108,4.5751,312.3028,1.0852,60.1413,37.1636,14.1207,143.7947,60.3028,26.6752,15.2922,66.0833,166.6114,22.469,45.0408,19.6765,14.6015,103.0109,318.3819,724.0178,148.0567,1028.5825,1239.5084,54.6179,842.1881,80.5078,1699.4459,1894.579,63.7928,3.7248,66.0298
85.28,85.8,0.52,21.62,83.0088,1.8542,4156.2519,2307.7366,1033.856,31.0949,131.4789,167.3005,119.8735,25.5865,27.6788,26.9968,81.6607,65.9227,-90.7155,195.3939,206.6414,-11.2994,-3.9282,1.8958,-3.5504,0.3573,29.3054,2.5471,-41.5712,714.7767,20.3147,64.3152,-42.5247,39.7055,102.1503,23.7819,35.7656,98.9284,87.9603,79.116,48.368,28.6247,116.6461,8.6027,0.3214,0.713,5.1853,48.3129,0.0,42.2257,291.4446,31.299,11.764,283.0299,0.4666,47.2735,34.3299,0.0,138.6442,41.6947,6.7152,4.1166,50.331,209.2005,63.3476,25.6394,12.8165,19.4089,53.4411,303.2086,665.1528,148.6609,1480.6811,1627.6635,65.8528,572.5543,287.1426,1441.3211,1522.7111,71.801,13.193,20.7479
89.23,89.8,0.57,21.62,83.0088,1.8542,4030.4681,2391.14,1025.4251,32.0116,130.3648,160.9126,118.2832,27.6554,25.0547,18.9018,85.8845,79.4647,15.111,190.3037,213.3036,-16.0586,-0.1797,9.0593,-1.6992,2.241,34.3871,2.566,-42.6488,748.77,25.518,55.0928,-55.5213,34.9756,105.6486,18.2507,34.6034,96.0889,87.8681,81.1212,44.1649,26.8214,116.0717,9.8037,0.3639,0.7174,4.8731,47.624,-0.0028,36.2004,294.2221,23.6432,10.1183,281.478,0.6162,44.9322,33.2041,0.0,140.356,41.3095,3.5934,2.3391,53.5382,208.2934,54.765,24.6511,15.2381,31.8392,47.7522,304.3404,662.3608,118.8624,1437.8512,1583.8989,65.4313,559.4975,220.6043,1448.8385,1517.9798,73.134,14.1312,29.2613
79.27,79.9,0.63,21.62,83.0088,1.8542,4150.7955,2435.5256,1039.7964,32.3166,133.0544,163.3347,111.1429,33.1408,32.1913,36.3343,80.4431,42.1392,-189.5908,135.415,153.3433,3.5043,-8.0075,-19.8586,-5.1196,-4.3311,12.5787,2.5835,-44.8237,681.4061,13.8574,77.4381,-29.3579,46.1166,99.7558,26.9351,34.7642,100.816,93.6668,86.7041,49.8718,27.3779,117.7301,3.3874,0.3827,0.698,6.7157,46.5768,0.0,44.4222,326.4915,29.7563,12.5718,298.4954,0.2082,52.094,32.8697,4.4517,143.2571,34.0576,6.0768,3.5965,45.44,174.0954,55.1169,22.1044,8.0274,12.1019,101.011,339.0633,615.6432,120.5532,1306.5234,1444.6617,64.9206,553.5426,288.3634,1428.7423,1509.3367,71.8739,12.758,14.3196
86.67,83.7,2.97,21.62,83.0088,1.8542,4193.6697,2504.8413,1026.641,30.8652,133.0805,162.951,112.8131,31.9375,29.6898,27.8602,82.5047,63.1836,-26.4008,172.2716,190.4127,-6.5002,-7.4324,-7.6516,-3.751,-1.493,21.5915,2.6199,-41.8325,670.7753,13.2167,73.0004,-35.1292,39.3463,101.3786,25.8393,33.0967,100.4275,88.1962,81.6744,48.7136,26.1861,117.0016,6.3103,0.3827,0.73,6.9187,45.8528,0.0028,38.329,316.7248,24.4974,8.9054,288.8444,0.8982,45.1006,28.6219,0.8219,136.985,39.95,5.8071,6.313,56.7557,207.0108,29.767,25.7494,13.944,10.5729,80.9944,325.6302,664.5087,147.5454,1296.7919,1457.7912,62.9237,586.2066,237.0208,1449.4118,1531.2956,71.387,11.3011,28.486
86.06,86.5,0.44,22.62,97.0704,1.8542,4893.8727,2742.6919,956.1369,37.7856,130.194,178.8355,100.2903,22.1499,32.7312,45.1436,100.9202,91.8141,-38.9544,212.5782,225.9599,-17.5619,6.5751,22.9591,18.4099,1.2874,57.9129,3.4204,-51.4089,662.4093,28.8485,77.8069,-23.3656,34.9928,99.8591,31.7619,20.9154,108.8441,120.1075,114.5242,47.3382,11.129,121.221,8.9556,0.2321,0.9956,2.7948,46.4215,0.0083,50.3002,423.9119,38.4572,6.7744,453.8617,3.4419,72.5766,67.706,0.0,150.2823,70.41,46.858,24.8921,146.4545,185.3056,56.761,84.6058,105.5931,91.3887,94.4272,430.6863,972.3825,151.6865,1227.0466,1498.5427,51.9225,1202.4827,213.5552,1804.5718,2153.4651,56.6485,9.047,36.0589
89.18,91.8,2.62,22.62,97.0704,1.8542,4788.4016,2659.2168,1001.3746,37.7832,128.6497,181.3527,94.8223,19.2673,36.3017,46.4468,101.8248,80.7414,-86.0971,328.2369,334.6427,-17.2963,-3.583,8.3056,13.3892,1.6689,44.6439,3.2749,-46.9293,661.8572,27.0548,83.0997,-27.7332,35.8329,97.4934,35.4852,18.4954,113.3002,119.5937,115.9205,50.6144,7.488,125.0499,11.9616,0.1644,0.9724,-1.5994,49.5643,0.0166,47.5097,480.5914,33.3719,15.7974,480.641,2.8233,80.9966,65.7925,0.5601,162.2467,68.5695,36.5208,22.995,134.9119,172.6648,72.1406,87.4047,83.3706,72.1399,77.6287,496.3887,895.9958,151.3069,1239.8586,1436.1249,54.7126,1089.9242,122.6692,1699.0751,1941.5552,60.8293,9.2714,50.1056
87.16,87.0,0.16,22.62,97.0704,1.8542,4850.6806,2642.2226,961.7705,34.8196,128.5968,182.2863,91.694,23.7776,34.298,51.029,102.0443,80.0043,-183.614,286.1575,287.6228,-17.3031,-2.6512,12.8669,14.8836,1.7564,47.3362,3.3652,-53.4266,666.5693,29.2813,79.5266,-25.3185,30.2706,103.9283,31.2123,21.5633,107.2346,117.4689,111.7054,47.7754,10.6311,120.7383,4.6757,0.2679,0.9791,2.9841,47.6044,0.0167,52.7795,441.3272,48.1032,9.2403,459.2526,2.0293,77.2722,67.9132,0.0,157.0656,63.6696,45.7676,34.3685,146.4678,182.5488,59.0257,108.5923,80.7336,80.1036,100.4344,450.5676,1029.7572,151.1727,1288.3341,1590.6587,52.7829,1157.4375,182.1806,1767.6006,2091.8604,57.3142,11.629,45.132
88.34,87.6,0.74,22.62,97.0704,1.8542,4897.3768,2462.1059,1016.9619,36.9458,128.7273,182.8522,90.3606,22.7286,34.5044,49.2599,101.0258,83.4631,-109.6838,263.472,276.9022,-15.9384,-2.0673,10.74,14.7585,0.029,45.8764,3.3841,-56.5758,680.6496,22.1263,82.7644,-19.3553,36.2899,99.0587,35.2558,14.0591,113.0148,105.2134,95.6822,48.2858,3.9538,123.1052,10.0228,0.3036,0.9829,1.1505,45.4597,0.0139,52.6614,454.5318,60.0408,12.0329,482.0703,4.7469,103.5708,64.3432,1.0891,198.8975,70.4542,38.3043,25.6796,137.2222,195.2443,66.9692,76.6181,89.5974,70.7935,73.6688,466.5647,993.0139,146.0814,1220.3085,1500.9479,51.7823,1185.4825,147.566,1760.6326,2069.4533,58.1241,9.0225,61.0303
89.89,90.8,0.91,23.62,103.8744,1.9304,4734.1482,2608.0619,1043.8928,43.7389,120.9177,166.1732,111.1798,14.2724,41.1959,50.9305,86.377,40.1517,328.2118,526.4038,620.6487,-12.6521,-2.5382,7.2249,7.3361,2.2638,48.3174,2.9838,-34.5029,718.9808,35.8448,84.3095,-50.7843,37.781,104.0591,15.0484,35.5638,100.4617,177.9026,161.1478,37.731,29.7553,116.2685,26.4726,0.4542,0.828,-7.3007,44.2769,0.0139,50.9305,390.451,93.1598,22.9459,393.6666,8.9602,92.3557,107.8908,65.1781,113.6035,82.651,35.125,10.8383,190.6973,102.7822,8.5847,111.2206,77.8073,50.9683,72.1462,413.3969,1102.1905,296.0458,1835.6539,2113.2563,60.3979,1356.5837,189.9224,2625.0058,2897.2494,65.4644,16.7014,148.559
81.3,81.5,0.2,23.62,103.8744,1.9304,4844.6969,2665.012,1049.1902,44.2878,121.4332,166.9327,111.6519,7.6916,39.7641,55.3663,84.3525,48.3377,413.5213,486.3747,526.4505,-14.3953,-1.3973,15.248,9.024,0.3655,55.5903,2.8558,-38.3558,725.0293,35.8954,83.4505,-43.798,40.7705,107.385,13.5779,35.537,99.7055,190.7178,171.7355,35.97,29.6697,115.83,30.1861,0.4003,0.8278,-7.5024,42.6139,0.0139,56.7554,387.3991,90.3679,21.9881,403.7746,7.969,94.1428,135.6001,89.4448,85.5136,81.5721,20.9539,14.2102,195.6301,119.757,23.1826,104.2221,72.7151,40.1448,94.5776,409.3872,1075.3753,252.7174,1781.1515,2076.4936,59.195,1375.2041,192.554,3016.5911,3324.8108,65.6556,20.3406,165.367
81.26,80.8,0.46,23.62,103.8744,1.9304,4886.7866,2677.7637,1077.4922,44.1706,120.3626,168.0063,111.8528,4.1649,39.0592,53.4823,82.1469,52.7591,458.9666,206.658,509.4654,-15.9009,2.6406,15.4359,10.4567,0.9958,55.7909,2.9474,-36.7323,655.8297,38.3825,81.1315,-47.2252,39.9992,105.5469,15.9371,37.6493,100.005,199.9297,181.4586,37.0135,32.1436,114.6147,36.7763,0.4191,0.8493,-5.6604,43.168,0.0139,56.668,386.3272,88.121,28.7043,409.0687,7.6475,90.8271,125.4975,114.9694,110.1148,70.0405,9.7838,45.1599,210.2482,119.1136,18.7747,129.3672,80.5901,49.4855,63.5527,415.0315,1124.2281,314.4899,1892.5533,2157.7694,61.0352,1668.4707,340.5937,3223.359,3633.4215,62.6331,25.1812,180.6528
83.89,84.1,0.21,23.62,103.8744,1.9304,4612.1256,2520.0059,972.8996,42.6935,119.5207,165.027,115.7825,17.194,42.0151,55.9582,82.8773,30.0648,145.5946,534.0324,539.5471,-6.1164,-4.881,4.0014,10.0639,2.0165,45.5188,3.0566,-37.4664,656.2217,35.2992,84.3148,-51.4822,39.0062,104.6594,18.1478,32.1136,100.4737,178.7209,162.5005,41.7109,27.0945,116.5784,22.2272,0.4464,0.8103,-7.4399,40.7878,0.0278,56.2811,391.424,80.9908,15.763,393.1212,8.6208,90.5706,120.3853,52.9508,74.335,89.5808,53.1225,7.8798,190.4195,142.5727,21.1792,102.3183,71.413,49.5579,107.4712,407.187,1169.4229,309.9209,1834.3254,2156.4824,57.9528,1217.3106,245.4196,2529.2877,2782.8271,64.2985,22.0406,177.8724
85.57,84.1,1.47,18.13,96.1632,1.9304,4480.2219,2306.8003,969.141,35.1316,121.26,183.3956,89.3499,21.177,34.856,41.2388,99.5889,72.5561,312.6203,294.3851,319.2004,-1.9758,-1.8375,0.4002,12.2461,-1.8547,35.3031,3.5108,-47.1714,711.2751,35.1558,71.3861,-37.8195,13.802,96.6253,32.02,3.2382,103.2463,109.5679,105.7179,45.0599,-4.4473,112.8814,18.0497,0.1429,0.8656,10.1722,34.2485,0.0083,42.749,380.039,31.4263,17.4394,386.9537,6.4885,51.1717,56.3776,9.7812,149.2048,58.1245,39.3829,12.2564,150.4542,218.3157,33.7899,61.1329,111.9281,75.4184,172.4328,397.4785,818.8615,101.7506,1234.8754,1399.3862,56.2359,1199.8852,268.1025,2021.3906,2359.3279,59.3215,11.7297,149.0126
89.06,91.4,2.34,18.13,96.1632,1.9304,4541.0593,2336.3155,1004.2249,33.7164,123.2383,184.8722,88.4301,21.2915,33.6694,39.321,100.9014,72.215,229.0794,246.4949,257.9332,0.4038,-3.131,-4.098,12.369,0.4252,29.5362,3.5471,-44.669,758.0465,35.8293,71.9167,-36.7382,15.8683,97.3126,29.6261,3.7098,105.6412,110.5173,106.424,43.081,-4.9663,115.1129,12.4521,0.1607,0.8557,9.4335,35.8087,0.0139,40.5155,391.7103,28.8812,20.8338,391.7356,6.3876,47.9417,40.5784,18.8125,157.0381,39.6453,33.2849,12.6892,129.389,207.4022,29.9285,67.0944,92.8124,74.9663,169.7587,412.544,821.4703,123.2451,1296.9905,1369.0075,54.0849,1134.5762,203.2221,1819.3974,2005.4828,64.9804,13.3114,98.9964
84.76,84.8,0.04,18.13,96.1632,1.9304,4487.1441,2334.5835,1053.999,33.7037,122.4715,185.1683,87.884,21.8966,33.6828,40.1999,96.4603,75.5223,182.6165,349.0076,405.8709,-0.2293,-6.5185,-12.2684,9.8673,-1.1866,21.3121,3.3841,-52.6154,766.3837,33.6805,76.7247,-38.146,18.8945,94.1572,31.9339,3.1271,103.3063,106.0542,103.1358,47.0523,-5.8583,111.1086,29.5074,0.2359,0.8422,11.6707,35.0226,0.0361,40.8094,410.37,28.4014,19.0226,408.2501,6.7901,49.7784,62.9517,28.0935,156.2144,57.5657,38.6833,10.083,124.1152,221.6108,53.4453,44.8183,79.1506,53.8482,182.6062,429.3926,821.9015,175.2936,1237.0663,1393.7552,62.5304,996.2878,239.4271,1644.5274,1930.1562,58.7969,11.06,48.6734
85.69,83.4,2.29,18.13,96.1632,1.9304,4422.1102,2278.5221,1028.4937,34.2887,121.4808,183.8987,86.9945,18.8563,34.2887,41.0327,94.1436,74.3932,219.6868,388.9478,396.008,-0.2458,-5.2786,-10.4012,11.279,-2.4771,23.9076,3.4932,-49.137,746.9601,38.0537,72.9642,-45.1905,16.1984,96.3053,32.2107,4.9448,105.11,106.0621,103.4496,46.5455,-4.2646,113.7313,23.7154,0.0728,0.8534,9.4922,37.4892,0.0333,42.2362,408.0589,30.5752,21.5252,404.952,7.5288,47.2407,58.3414,21.4133,130.1206,55.0378,44.2797,14.7208,143.1821,197.6881,42.7593,59.6089,104.2492,81.6198,194.9113,429.5841,815.9426,143.7782,1197.9987,1389.616,55.9089,1018.8881,184.3432,1583.2788,1846.5923,59.0423,19.1247,64.6836
86.89,87.0,0.11,18.13,96.1632,1.9304,4394.9833,2349.3361,1030.3343,34.5996,122.8777,185.294,81.3429,29.6054,33.9077,41.0006,92.8566,73.9896,139.8122,337.0079,338.6042,2.0318,-5.7926,-16.001,8.9683,0.4659,17.9263,3.5471,-48.4212,753.2947,34.0207,78.2476,-40.3409,22.636,97.5791,33.4327,4.9375,106.9323,105.4171,103.1682,46.9387,-3.9037,115.3278,20.5444,0.1786,0.8648,11.7801,37.8605,0.0444,41.0799,410.1164,27.7585,20.2557,407.5055,8.9589,47.7683,55.2615,32.9774,182.5107,44.0842,42.9717,14.2037,127.0781,203.4608,34.1765,64.9218,81.4239,69.4047,182.9531,430.372,847.612,108.0744,1288.9614,1375.674,52.7601,974.3196,223.5145,1670.1679,1876.5166,58.8544,15.8066,35.7353
78.38,77.0,1.38,20.05,93.8952,1.8542,4007.5963,2300.839,914.0674,36.1792,115.7582,156.9375,88.8477,36.1449,36.1343,39.0317,95.2765,9.2684,18.327,160.6858,284.1454,1.8036,-16.0352,-7.1893,4.5485,-2.001,28.4966,2.8019,-30.4079,765.5714,24.2055,80.751,-35.2677,36.7138,94.4038,5.5022,19.2025,92.7487,123.1355,117.1124,22.3742,18.7298,106.0462,1.7335,0.25,0.7405,1.2248,42.7418,-0.0055,39.6608,276.3912,49.9822,6.2845,295.2771,10.4786,54.5508,12.9802,33.5197,119.5389,19.1133,36.3525,27.437,77.9267,109.5128,52.499,7.8488,69.151,92.0007,140.3007,282.6757,684.6588,160.7818,1259.7102,1379.7271,66.0568,948.4647,195.5311,1630.3936,1884.5345,59.9256,14.5605,61.922
86.48,85.1,1.38,20.05,93.8952,1.8542,4017.7289,2361.4076,945.9138,32.4316,116.3856,154.3221,93.4978,28.1591,32.14,39.8363,92.46,16.4324,85.684,236.5222,303.0844,-5.1476,-13.3019,-0.7791,2.9267,0.0099,29.898,2.8746,-25.9746,779.2033,23.4994,83.9059,-41.2971,43.0824,92.8771,4.5927,26.0115,100.3289,124.3892,118.7024,26.2271,22.8068,115.4538,6.6043,0.2008,0.7637,3.1077,43.6102,-0.0056,39.8746,295.9701,38.4238,12.3057,304.1267,8.1147,42.9606,15.496,29.2981,111.578,19.1354,38.0588,20.234,79.4456,111.9639,58.9235,12.9213,83.1574,91.4947,130.5361,308.2758,669.6222,164.0212,1332.9857,1438.8087,67.8905,993.3886,196.3297,1588.4867,1873.1747,58.0358,14.3394,62.5993
90.55,91.4,0.85,20.05,93.8952,1.8542,3993.4734,2323.02,942.3505,31.8222,112.6341,155.1073,93.42,28.6702,31.2248,41.5453,89.3124,21.5518,221.9318,220.8534,275.0772,-7.8783,-9.2257,3.972,4.8246,2.5172,33.6582,2.9474,-27.042,782.7303,21.5451,83.2189,-38.3214,44.5442,91.1418,5.0522,26.5756,99.4844,125.2936,121.0861,25.884,24.7548,115.2916,4.747,0.25,0.7624,1.3208,41.5789,0.0,41.6916,286.1299,39.4905,10.1874,296.6842,9.0414,42.8529,15.01,34.9536,126.3382,23.2035,29.033,22.2679,87.2889,134.2375,60.6371,18.7841,74.2122,90.1708,119.6632,296.3173,743.991,179.0309,1462.4989,1584.3041,67.3274,980.4884,248.7967,1655.0444,1923.7103,59.4246,14.8237,61.2692
86.79,87.9,1.11,20.05,93.8952,1.8542,4071.3441,2406.7648,966.263,30.0119,116.6226,154.7687,96.2324,26.0596,29.7677,41.8258,92.5596,16.4445,366.1696,168.8333,484.9406,-9.4726,-10.0505,3.3686,0.6382,3.9011,30.9088,3.0013,-28.0415,835.0385,26.2116,83.1932,-43.101,40.771,91.8463,5.1515,29.286,101.7618,122.6749,118.355,26.2258,26.5651,116.4463,8.806,0.31,0.782,2.7857,41.8251,0.0,41.8878,276.943,47.0659,13.8729,295.055,10.5433,52.4624,26.6024,37.1566,107.1966,32.8644,21.1451,28.8363,90.8957,121.7766,53.9261,15.8617,90.4672,84.9923,150.0853,290.8159,710.5127,169.0988,1464.9689,1614.4233,65.1819,1108.0802,333.6373,1565.646,1863.5116,57.3079,16.2011,73.1803
82.25,79.4,2.85,20.05,93.8952,1.8542,3965.8618,2374.6923,930.3052,29.7549,116.3826,150.9881,91.4607,33.8772,29.4895,43.1678,91.6518,-0.1465,43.7738,162.242,290.9532,-2.1531,-12.9985,-2.7112,4.0748,1.1685,25.6224,2.9285,-24.2194,753.0954,19.5212,87.0423,-37.5732,39.6506,96.8069,2.1867,25.3889,100.6344,125.1975,119.4255,24.5426,22.3258,119.1296,4.2571,0.2857,0.7605,0.8084,40.1847,0.0,44.1537,282.9414,31.1901,7.8755,289.0682,9.1012,35.0502,20.4538,21.852,114.8043,20.6684,35.4048,25.2638,71.7329,105.1093,40.9317,7.7225,71.5481,81.8697,133.5097,290.8168,730.1112,167.6093,1373.4216,1506.5152,65.9002,1033.8144,249.0559,1625.7807,1921.8718,57.7114,11.9335,46.5072
79.36,80.9,1.54,19.18,92.5344,1.7526,4901.982,2556.1608,1045.977,40.3211,122.8672,171.248,117.135,-12.0211,31.073,55.3195,81.8463,58.2833,496.1723,131.2436,496.1723,-35.1392,5.7932,13.8668,16.5076,3.3665,51.0134,3.4568,-42.5348,570.1746,33.3684,84.3229,-61.2418,45.5619,96.8707,31.1713,39.0893,117.4179,116.9071,110.6736,54.4161,27.9602,126.5307,9.9264,0.2679,0.9729,6.5302,50.3204,0.0861,56.135,424.4654,42.13,15.9348,428.0106,0.9038,48.7128,50.3927,33.219,153.6952,19.2238,31.8399,31.4788,148.5092,166.8322,64.961,48.2574,141.521,54.4422,68.8473,440.1013,989.0564,76.0607,1483.0083,1749.312,57.1814,1418.0995,277.4724,1879.2453,2346.0767,53.1222,17.7831,116.7849
84.15,84.7,0.55,19.18,92.5344,1.7526,4775.2899,2622.134,1082.6477,41.4378,122.7719,170.7248,115.5213,-8.7044,36.1283,53.295,82.68,50.1862,396.2141,110.3214,401.6463,-34.536,-0.9446,8.5057,11.0445,2.3771,48.4713,3.438,-42.6487,596.9801,32.9845,85.6088,-57.4304,50.6965,93.8818,32.4989,41.9848,120.1481,120.3193,111.4739,53.6856,31.5249,127.5345,6.5999,0.2911,0.9622,5.2599,53.6418,0.0056,53.3136,433.2198,44.4209,20.5993,430.5565,1.5722,56.6437,45.8728,26.5505,141.6115,17.4961,26.5876,26.1615,144.6955,134.7922,53.1189,48.8602,142.3148,53.463,88.0595,453.8191,1019.6666,76.068,1465.5322,1728.4785,56.7912,1299.3416,265.0102,1827.9271,2241.7046,54.6455,18.0376,127.7619
87.14,87.8,0.66,19.18,92.5344,1.7526,4702.7062,2548.0376,1050.5513,39.6887,122.7172,168.584,117.2257,-11.0997,32.33,51.2687,82.6551,58.9116,501.5473,158.7323,523.5404,-33.6318,0.8867,12.6494,14.3708,1.2958,49.6116,3.4204,-40.5213,583.4279,34.2726,85.7095,-63.4112,53.0498,96.9872,30.9375,40.2961,119.9771,116.6478,108.4508,51.7659,29.8181,126.6702,11.6997,0.2911,0.9585,5.4606,56.4114,0.0028,53.6766,418.7198,44.685,14.1752,411.8547,1.3347,48.0538,48.2479,24.6696,129.4357,20.8578,31.0469,27.9392,144.3735,146.3278,56.6487,48.1119,140.5295,54.3101,81.1301,432.895,1023.6023,61.5379,1515.15,1769.3848,56.3968,1311.2043,264.4818,1789.1147,2167.3716,53.1439,16.8395,136.1305
90.25,90.6,0.35,19.18,92.5344,1.7526,4858.7097,2573.6418,1090.2418,40.5034,122.3311,169.9867,118.0548,-12.2944,32.1155,53.4685,83.2925,65.3486,482.222,231.2136,490.1675,-34.2901,3.4537,14.625,14.3415,1.5999,52.4617,3.438,-43.5329,602.1458,36.8395,81.6209,-63.0219,48.3966,98.2052,29.4724,40.1408,118.8341,121.0888,112.7955,52.5819,29.539,125.7024,13.5453,0.2321,0.9651,4.4293,51.0079,0.0805,53.9297,432.0634,45.1864,20.2913,439.4361,1.3992,54.4827,46.4708,30.0114,122.4228,23.9568,30.7255,25.2121,149.9143,157.9725,80.2719,44.9387,152.9302,53.3717,85.6268,452.3547,978.9018,81.2927,1476.7177,1715.0496,57.9077,1413.8482,230.1094,1795.8334,2270.0888,51.7793,17.9924,135.279
78.62,78.8,0.18,19.18,92.5344,1.7526,4745.998,2573.9403,1077.2088,40.8354,122.3653,168.3954,116.363,-11.5699,29.7578,53.1099,85.2149,66.6766,535.3801,189.8092,553.1613,-35.8486,5.0064,17.2372,15.2271,0.4074,54.4441,3.3841,-43.5148,604.6905,33.6846,84.2385,-62.6351,50.0533,96.1717,30.0023,39.6711,119.9894,118.7594,110.1975,51.9504,29.3435,127.8254,17.5246,0.2359,0.9663,2.9602,56.903,0.0055,53.8019,423.203,45.2323,17.2077,430.98,1.4131,56.7676,50.7072,23.7153,116.4159,22.4778,33.8211,23.8288,152.5627,153.2906,71.4594,48.7654,148.3415,57.9846,74.8208,440.4107,964.0889,61.7816,1404.1186,1664.4328,56.0625,1397.1103,248.1932,1960.4987,2260.2385,51.9001,18.4992,159.6038
74.12,74.3,0.18,20.62,90.72,1.8542,4960.6364,2759.3343,1000.7421,38.7702,119.7872,166.9012,114.4935,18.6127,38.6758,53.5319,93.9785,25.8843,60.5958,563.4816,573.752,-18.2794,-3.0436,11.4656,5.2431,3.3872,49.9774,2.4204,-23.1699,750.6329,19.1806,86.5051,-12.7571,45.1308,95.1049,15.3877,34.0024,115.2533,120.176,113.171,36.2038,20.9254,134.6536,39.3233,0.2679,0.7034,4.2324,44.7649,0.0167,55.4595,323.4698,33.6002,35.6577,317.0935,3.6617,37.807,71.1159,2.7448,79.7209,80.7521,43.2923,10.0161,99.6161,166.4379,11.7268,90.9376,37.4969,35.8424,112.9252,359.1275,876.2305,136.7881,1523.3156,1752.3726,60.2716,768.2293,302.436,1616.0796,1724.7247,65.5834,11.2925,37.2426
84.21,82.8,1.41,20.62,90.72,1.8542,5031.1813,2640.9389,1010.1223,34.5198,121.13,171.6267,115.6853,15.3008,33.9231,54.2785,92.9362,30.2217,63.5914,598.3798,628.2907,-18.9922,-1.9005,12.1275,5.5573,1.1645,46.7556,2.438,-25.1576,738.384,18.9852,84.6446,-12.4469,42.8035,92.6645,20.0373,34.9421,119.161,124.5763,115.261,39.9577,20.4113,135.5445,43.002,0.3214,0.7079,3.5947,42.7397,0.0167,55.3228,315.5708,26.0852,38.8059,314.3895,1.4818,25.2794,77.0891,11.0974,87.2064,83.2007,43.493,18.0001,85.7396,163.4776,7.6834,68.0691,31.372,22.7355,166.8908,354.3768,909.0599,142.8928,1477.9267,1728.4096,58.6188,788.9495,254.0876,1606.6429,1783.6434,64.4451,9.6925,35.8309
83.97,83.5,0.47,20.62,90.72,1.8542,5025.0922,2708.5071,1060.996,34.0684,121.3048,168.4611,117.8563,6.5569,32.2597,50.3883,84.8563,52.185,99.6029,518.4459,624.2348,-23.1878,5.0094,23.6263,8.3249,2.2184,58.7767,2.5647,-25.6799,728.8984,23.7997,79.1375,-21.6563,44.4898,96.0516,15.5788,38.4357,117.7395,109.0944,103.979,37.9183,24.3759,137.5541,42.085,0.3571,0.7253,0.2167,44.9459,0.0389,51.2824,309.5309,49.3642,34.7559,311.7876,6.4218,54.3024,70.4694,15.061,60.5835,74.616,37.569,19.663,113.8078,173.2861,24.8261,84.2133,50.6619,41.9452,94.1718,344.2867,893.0997,140.1544,1584.0303,1810.7684,60.9125,822.9147,172.9849,1582.0163,1772.8963,63.0287,12.8237,33.2985
81.02,81.3,0.28,20.62,90.72,1.8542,4998.462,2695.3463,992.8856,36.3446,122.661,169.2497,118.209,19.141,35.9591,48.5508,91.9168,15.7852,-58.0368,735.0745,759.6417,-15.6394,-4.6217,2.699,4.1478,3.9558,37.6603,2.6563,-24.1849,755.9249,16.735,90.3822,-3.7605,45.4669,96.0802,20.2782,40.9213,117.4767,123.197,115.0727,43.3506,25.022,137.8676,36.5583,0.4286,0.7272,5.64,46.1619,0.0167,52.1265,337.4193,18.0696,37.3173,319.7459,1.7904,22.2149,90.6462,11.7994,97.9993,87.3834,71.5511,12.6302,84.03,176.6457,13.8985,73.1427,24.4779,41.4818,150.1026,374.7366,966.4764,167.1233,1514.7151,1765.44,57.3827,876.51,271.6693,1838.699,2040.794,64.5123,14.6275,38.2528
88.82,86.9,1.92,25.21,94.3488,1.8796,4739.3649,2485.2827,986.9224,24.801,113.8558,177.3941,94.3044,7.6027,22.161,43.857,84.991,57.918,91.6661,118.601,120.5385,-4.9426,-6.1254,11.472,13.4048,-2.9366,33.4957,3.2021,-55.9392,805.8662,56.5638,78.4378,-56.5998,39.5973,89.47,10.4335,22.3471,102.7888,115.834,114.4928,25.2587,19.182,116.6286,-1.3417,0.2911,0.778,3.6348,31.7309,-0.0056,44.981,377.7997,28.2728,0.0828,385.5387,3.7384,25.5286,15.7516,27.2736,61.0652,14.1298,16.4474,21.889,73.2161,152.1199,71.822,33.7341,30.3041,45.9617,158.2062,377.7997,837.5465,115.0774,1456.8813,1607.7962,65.0293,916.7924,229.7389,1746.8505,1972.7568,62.6608,9.2653,82.1224
90.43,90.0,0.43,25.21,94.3488,1.8796,4821.3677,2458.6927,996.7711,25.2611,112.1043,178.316,93.2756,5.9599,22.2293,42.6456,84.8059,63.0012,123.8248,66.8227,123.8248,-5.1745,-4.1893,15.2934,14.7506,-3.8425,37.6508,3.3477,-50.1565,840.1988,57.1544,79.72,-52.2485,38.4121,87.8705,11.6516,23.0464,105.9016,115.59,114.2483,24.7222,20.1343,118.0361,-3.1935,0.3214,0.8141,1.7321,33.4797,-0.0083,56.7096,381.1857,27.3415,0.0045,389.5051,3.197,27.9162,10.4384,22.5537,59.4885,10.8183,12.0152,24.1425,76.2296,170.6915,77.4812,35.3244,27.1942,36.5107,132.4777,381.1903,858.6492,144.2352,1383.5722,1567.8704,57.9154,890.0136,175.4914,1731.0822,1944.3454,62.9892,13.8057,86.036
89.88,91.1,1.22,25.21,94.3488,1.8796,4711.2288,2479.4694,998.4694,25.7841,114.7697,177.4023,94.8578,7.32,24.0549,50.6035,84.6472,49.2393,35.599,103.9296,114.3296,-3.3154,-9.1533,2.4187,12.5814,-6.7466,26.5911,3.2021,-58.9504,826.2505,57.4812,80.2599,-61.1818,43.1171,94.15,7.4523,25.9607,100.6792,116.3554,113.8519,24.9981,21.8201,117.8185,-1.8689,0.2857,0.7783,3.176,33.2965,-0.0112,53.1053,399.1974,33.067,0.0,402.5321,4.1674,36.268,19.8119,28.942,62.001,16.1766,18.0727,24.0178,80.7067,173.6496,86.3161,40.8079,22.5457,41.4349,174.5191,399.1974,897.1001,89.3367,1541.4011,1721.9851,63.2992,877.7114,255.2413,1653.5447,1866.4798,62.4219,15.2779,72.398
79.63,79.1,0.53,25.21,94.3488,1.8796,4774.759,2459.0056,980.9616,24.4598,113.0489,175.3499,95.731,3.7395,18.1454,42.6764,79.9247,72.4808,351.2116,112.9703,351.2116,-9.8927,-1.1324,25.9026,11.0854,-2.7922,44.5756,3.2385,-58.5503,875.9687,61.0255,78.8177,-53.2594,39.0405,88.6031,7.0935,23.1829,104.7493,112.9853,111.2383,22.3521,19.0779,117.3004,-0.2119,0.3036,0.8303,3.0243,31.7818,0.0056,61.1924,338.6191,35.0544,1.8507,372.7194,4.1148,34.1135,17.1251,39.5438,46.7287,26.0575,13.0981,26.6811,75.4589,165.1435,69.0427,45.3364,27.5202,29.0912,190.1254,340.4698,843.2172,52.8,1559.9392,1766.0286,61.9892,1026.5826,226.2204,1870.0143,2139.9429,61.236,12.4097,113.4552
89.45,90.6,1.15,25.21,94.3488,1.8796,4661.4086,2451.3958,991.3382,23.7758,113.4083,174.9318,96.3251,3.5384,18.372,41.5604,82.3633,67.6987,337.2712,129.0711,337.2712,-9.3028,-2.4003,20.845,12.5528,-4.3107,39.8089,3.2937,-50.5775,841.5928,58.9229,78.0257,-54.1078,39.8498,89.0855,8.704,26.0754,105.7836,116.8699,115.3763,24.4252,22.0782,120.0936,1.0826,0.3652,0.8106,0.4675,34.1468,-0.0083,45.67,371.954,20.503,0.836,384.5009,3.3081,22.6543,17.1559,25.0358,97.1445,20.2585,14.2051,22.6225,89.12,175.5778,56.2181,45.3569,31.2561,37.3781,119.407,372.7026,914.299,56.3753,1624.7487,1825.9735,62.6331,955.5576,289.2737,1837.4945,2062.0245,63.1367,13.5586,106.9245
77.55,78.7,1.15,21.4,107.0496,1.8288,4538.3906,2697.3525,962.6561,26.1995,117.1668,160.6136,96.3808,25.4144,26.1995,63.3231,95.4931,33.4745,187.1416,78.8515,187.1416,-3.8021,-4.7329,7.8519,11.3306,-6.0529,34.3465,3.0202,-24.8543,704.8802,33.4899,92.1042,-54.3646,33.1496,96.2655,21.941,15.4472,115.8801,151.1469,146.5856,34.7751,6.8372,127.8852,-1.7782,0.3086,0.8852,-3.5938,43.2244,0.0055,63.3689,434.591,42.9437,9.2851,432.6409,8.171,47.5303,26.4361,26.4671,104.1089,37.5739,15.4892,18.7337,94.8431,190.2678,90.2707,57.7481,48.9208,72.7851,187.2317,443.7409,838.0989,102.6702,1507.9986,1627.2529,68.0146,1065.1416,210.2866,1828.6939,2069.7699,59.064,10.8213,96.3244
90.54,91.9,1.36,21.4,107.0496,1.8288,4472.2255,2679.9,934.9438,25.2105,118.1519,161.6208,96.9162,23.1893,25.1903,64.4359,93.8432,36.4379,261.9526,82.5301,261.9526,-3.894,-4.3166,7.8013,12.1074,-4.2181,33.1292,3.1293,-25.0653,718.8076,32.0451,94.7954,-52.4746,34.0965,97.7584,21.4303,16.4226,113.5332,150.2001,145.0732,35.7756,7.7122,126.6061,-5.3514,0.375,0.9068,-3.2312,39.6824,0.0056,64.4359,426.6186,45.5118,8.7949,427.7283,7.3241,49.3259,33.6873,18.7853,107.5839,42.9218,10.9205,16.4447,105.4066,193.6267,76.9397,52.3031,47.8675,58.8148,167.0189,435.2305,940.4093,118.6365,1463.1126,1674.654,60.1756,1115.2732,203.0164,1950.0842,2230.573,61.1635,11.4361,125.7888
86.5,85.8,0.7,21.4,107.0496,1.8288,4473.5918,2701.5847,955.6917,25.4837,118.457,160.478,99.6246,25.5847,25.2014,63.2762,96.4923,37.5109,175.6098,104.1492,189.317,-6.9165,-2.7499,10.7242,9.8835,-4.3427,36.3533,3.0916,-27.3573,715.9247,39.7888,89.1445,-59.0185,30.0233,99.108,23.7135,17.2939,115.793,151.9987,145.5162,37.3125,8.3004,127.7761,1.4713,0.3036,0.8939,-3.4206,46.9327,0.0,63.2762,433.9244,43.1365,10.7411,431.3165,8.5145,48.8927,30.308,25.8785,101.7724,40.4689,17.7271,15.0257,98.6708,206.6508,87.3045,55.0588,53.6193,70.8055,170.9574,444.6655,857.8006,74.8201,1520.7202,1631.6838,68.6522,1085.9237,174.5899,1854.1624,2077.055,60.8367,10.7967,91.7412
85.91,83.4,2.51,21.4,107.0496,1.8288,4547.934,2735.2226,968.5441,25.1944,119.108,161.9432,95.9496,22.2631,24.6926,64.0913,94.9464,43.8903,214.5506,-8.9891,214.5506,-4.8163,-2.3823,11.2778,12.6472,-3.7263,36.2104,3.039,-24.1341,746.4088,34.5769,93.6526,-52.5606,36.4455,96.7716,21.79,15.057,113.9966,153.1791,147.705,34.394,6.9802,126.0772,-4.0857,0.4464,0.9011,-3.7181,42.7055,0.0111,64.924,431.2151,43.5928,6.6889,434.1974,7.536,47.1603,32.9229,14.2152,106.0847,45.5739,14.5853,16.8858,78.9766,189.6617,69.9322,52.5184,34.9309,58.1115,163.1086,437.9041,856.67,154.9865,1519.2301,1671.5801,65.5659,1109.5723,210.9394,2010.9383,2258.7713,63.0382,10.1016,102.896
81.94,81.3,0.64,21.4,107.0496,1.8288,4386.6557,2707.7421,1003.0567,24.7518,115.9849,162.2231,95.1309,22.1245,23.4936,62.701,95.7245,50.6389,347.844,99.7061,347.844,-7.7203,-1.2735,16.7742,11.4879,-3.2796,40.7507,3.1293,-23.937,781.9585,38.6288,88.6155,-56.9284,34.1182,98.0141,21.8256,17.3308,114.9537,151.039,146.769,36.2077,8.1734,127.7547,2.6653,0.4367,0.9218,-4.1637,41.3618,0.0139,64.4509,436.0179,34.9036,8.719,439.5243,7.1205,50.4742,42.794,18.26,104.0079,50.5936,14.6882,10.1047,102.6809,205.5093,69.9653,60.7311,55.4564,73.7709,162.5684,444.7369,893.6774,150.9585,1570.5137,1716.6888,62.9842,1219.0864,195.5991,2147.8468,2465.4633,60.7162,13.4623,123.7708
89.32,89.1,0.22,27.59,114.7608,1.8796,4124.489,2391.6143,1042.813,33.496,113.6424,168.1182,92.7597,9.5235,29.9915,45.9318,92.8965,20.5271,-121.1167,415.1173,417.8486,2.6894,-7.4401,-14.2496,13.4636,-1.4819,15.8568,3.3288,-43.4613,869.7528,44.4318,63.4898,-67.4473,27.2151,99.9196,13.035,11.1478,100.2451,120.358,117.5145,30.911,3.4144,117.483,11.7677,0.4286,0.8845,12.8459,38.3579,0.0111,64.0563,461.7332,48.3195,22.7095,454.499,12.8857,70.9299,76.2389,0.1194,197.1438,75.6023,82.9255,37.041,107.7573,215.1446,37.0523,43.5535,36.6506,40.5464,131.747,484.4427,1122.2215,56.9744,1812.8842,2103.5795,59.6041,1303.6239,449.9134,1851.1142,2291.1201,54.7891,10.733,62.5698
91.01,91.8,0.79,27.59,114.7608,1.8796,4080.3871,2249.4744,1055.8863,35.0728,115.3448,166.2254,93.836,7.4853,32.8302,47.8095,92.7333,17.2162,-192.3877,435.1808,443.2257,2.0253,-6.8315,-16.2571,12.5723,-0.7893,16.5968,3.2749,-45.4448,851.3946,38.9936,64.491,-61.6905,28.0772,96.7392,14.1816,11.0051,103.1432,110.5606,109.3725,31.7164,3.9107,120.0401,8.956,0.4542,0.8809,12.5937,43.0067,-0.0028,66.6477,477.3204,57.8836,17.0483,464.0876,15.5762,82.29,70.1476,0.0,202.2543,75.3688,79.3239,37.3682,99.3804,216.5998,34.8726,44.7988,29.9613,39.6835,107.4573,494.3687,1211.0506,63.5347,1810.785,2149.0928,57.2846,1315.3646,474.5284,1826.2674,2280.5854,54.1397,12.6622,49.7305
83.38,83.0,0.38,27.59,114.7608,1.8796,4106.2492,2444.8569,1080.7236,35.0012,113.7832,167.2829,89.8583,6.794,30.0722,43.9979,92.6208,27.3191,13.8858,240.2931,285.9391,-1.13,-7.8013,-7.8406,15.9152,-0.1651,21.8931,3.3288,-52.8587,890.7941,40.063,60.8552,-61.7092,26.7146,99.6064,12.4983,11.3114,100.1982,125.2786,122.5288,31.0138,3.17,118.6803,13.3558,0.4367,0.8959,11.6237,38.5126,0.0027,65.1352,477.8016,40.6276,30.2384,464.6474,14.2809,75.7248,59.544,0.0083,183.0643,60.3138,53.4638,24.3689,99.1773,256.011,39.876,41.3254,31.9188,42.2172,120.6535,508.04,1133.5009,63.0038,1772.8809,2084.1462,58.2366,1263.8548,445.1691,1858.819,2216.3208,54.6789,12.3667,81.3281
86.61,85.4,1.21,27.59,114.7608,1.8796,4028.1238,2478.8063,1080.8549,35.4464,115.3032,165.36,95.8366,11.825,33.953,50.8701,93.5804,8.7936,-70.208,466.7028,468.7956,8.9078,-5.909,-22.9676,18.6928,-3.2698,11.5627,3.2385,-47.832,857.7196,36.2303,65.2999,-59.3211,27.0977,100.6911,14.6041,6.0844,98.6062,121.8823,118.7634,31.1605,-1.0562,115.3078,12.7571,0.4643,0.8779,15.4347,33.9184,-0.0027,64.604,467.0415,52.5796,13.3287,449.9296,16.5212,74.2409,57.2753,0.0651,167.3248,56.5531,83.6779,36.2232,91.1973,224.6567,58.1224,40.7456,21.3437,36.8115,124.075,480.3702,1150.1469,50.2134,1784.4855,2114.032,57.77,1300.9848,505.1949,1906.8593,2351.3401,55.6915,10.624,58.9628
90.98,91.4,0.42,27.59,114.7608,1.8796,4471.2338,2312.9257,1077.0748,31.8473,114.6065,172.947,93.5189,10.8574,31.0411,48.7549,96.0124,7.0167,-130.679,493.5259,496.1033,9.8296,-5.4922,-26.4269,16.7194,-2.1543,5.3531,3.256,-50.4975,834.1882,32.8274,66.0855,-57.726,25.5626,93.5057,16.7813,7.8146,103.3656,109.3332,109.9357,30.9344,1.0294,117.7507,15.5658,0.4464,0.8804,13.7754,38.9246,-0.0055,62.9394,469.2657,52.3087,25.8286,470.9018,14.5986,65.3349,89.0565,0.0,195.4844,82.0935,92.5344,39.3499,107.4701,254.0262,82.6203,43.4192,27.4063,44.6665,145.4655,495.0943,1225.9776,56.7066,1828.2732,2173.5632,56.6716,1287.5781,471.6942,1937.1968,2359.9924,56.3675,11.9792,53.6585
90.17,92.1,1.93,22.71,78.9264,1.7526,4584.2719,2341.4908,1095.4903,26.7008,117.791,175.5501,117.7344,5.1233,26.6313,50.7696,77.4845,-1.7647,29.0997,73.5357,154.9506,-3.0178,-7.2481,-9.1791,8.5998,-1.2091,17.1137,3.0202,-32.3698,777.2677,46.2108,88.6989,-22.5832,22.2156,91.1708,26.6265,18.7318,107.0625,85.9067,83.667,43.7812,11.6739,117.6062,1.9238,0.3571,0.8893,14.1671,49.4631,-0.0028,56.8516,296.2927,28.8358,23.5084,311.7207,2.8654,46.1425,27.6803,10.7819,131.6785,25.2033,8.3978,7.1287,30.5946,164.2867,45.7326,39.956,18.2024,2.5799,119.0164,319.3088,755.2201,43.7094,1298.9378,1496.4075,60.3386,1001.9844,356.0719,1446.6724,1794.0797,55.3005,13.2762,26.8966
83.68,83.9,0.22,22.71,78.9264,1.7526,4705.6737,2420.961,1113.0163,29.4766,116.0289,174.3461,116.0289,6.8945,29.157,43.9582,78.9634,-9.9029,-75.5373,77.305,185.8191,-4.4933,-6.7025,-11.8387,5.7704,-0.1675,16.8363,3.093,-31.1544,759.3873,41.2167,92.9382,-29.0846,23.8907,95.3404,29.6796,21.0108,110.858,86.5329,83.0811,46.6558,12.9523,122.3783,2.305,0.3463,0.8898,11.5979,51.7636,-0.0028,54.3501,297.0221,30.5772,25.4962,314.8343,3.2081,50.9565,36.782,20.6954,134.247,34.5642,11.4788,6.6303,36.0384,155.3858,36.1147,45.4213,24.1721,4.8372,139.5276,322.5164,763.5954,51.083,1283.0887,1469.946,61.08,1030.0801,297.38,1501.6232,1818.9185,55.8921,14.1548,34.4931
82.03,80.9,1.13,22.71,78.9264,1.7526,4709.435,2466.2243,1124.6779,29.1775,116.8323,175.6361,115.8459,6.7446,29.0254,48.6736,77.8562,9.3972,135.917,105.9984,192.0905,-6.0543,-3.9574,-3.6205,10.0649,-2.4001,25.4724,3.0566,-30.9556,788.3262,41.4174,89.8721,-20.3688,26.6069,97.4311,27.892,19.5161,108.578,87.87,83.6176,46.2692,11.7018,120.3379,8.4023,0.3929,0.891,12.2326,44.8296,-0.0028,55.0603,295.5349,33.3234,25.0543,316.9459,4.108,58.1779,28.8265,11.6908,134.6401,35.7615,12.8314,10.2088,31.0752,157.2379,34.4196,39.461,24.7587,3.7791,113.6739,320.4932,775.7064,42.5571,1259.5498,1466.6044,58.8445,1019.1496,298.3623,1455.8324,1787.3042,54.8068,17.0607,35.3264
89.06,90.4,1.34,22.71,78.9264,1.7526,4743.3647,2412.2337,1109.9356,30.2082,116.6063,176.2256,114.2235,7.4027,28.4571,53.3741,76.0103,25.5525,301.709,-14.9303,307.1326,-12.8757,2.4788,5.9761,9.7201,-0.1864,35.5051,3.093,-30.4495,792.772,45.7292,85.4641,-19.936,25.844,94.2061,30.0074,20.7323,111.3417,86.1635,82.6928,46.691,12.8665,122.6297,4.3707,0.3639,0.8734,9.9129,52.5601,-0.0083,56.4921,302.7263,28.8397,23.9029,319.6062,3.0363,49.2576,19.3464,5.318,134.4236,30.7633,8.2728,10.7885,32.5402,173.9153,37.1947,42.7483,27.5811,5.3142,87.2446,326.6292,753.1081,34.4801,1316.3111,1515.9165,60.3157,938.316,262.0518,1455.5975,1746.9954,57.2118,13.6731,45.7166
86.14,84.3,1.84,20.77,93.8952,1.8542,4453.6352,2412.0598,1155.7649,37.6421,120.9316,166.0848,117.9237,11.5809,33.603,20.1323,89.3443,60.2399,-49.6031,120.3923,155.8095,-2.2635,-6.6132,-13.5494,8.1984,-4.4797,20.1495,3.2196,-62.4454,823.5914,64.4644,54.3547,-40.7233,12.8174,96.7565,8.1886,13.6583,88.2007,108.1901,103.7376,24.9794,11.8101,99.4891,-7.8664,0.2547,0.8844,11.415,37.6349,0.0028,43.458,307.3722,34.0781,10.5423,314.3912,3.9338,45.7032,23.7763,17.2258,109.9624,28.2293,9.7274,25.1565,122.3141,139.2838,44.2303,58.727,78.3802,70.4242,64.5917,317.9146,737.0285,219.1875,1249.4439,1395.3644,63.4132,927.3124,215.057,1646.6286,1899.1784,60.6672,7.626,92.8338
86.58,86.7,0.12,20.77,93.8952,1.8542,4533.6997,2496.4211,1172.4189,38.5234,124.4714,166.9703,119.0577,10.5834,33.3611,18.1454,91.496,59.53,-77.9763,160.0635,229.1482,-4.274,-6.3324,-15.0184,7.1185,-3.5856,18.353,3.221,-65.3488,839.8124,66.4102,53.8695,-43.067,12.3172,92.158,8.3202,14.6284,88.4206,107.1784,102.4259,23.5306,13.3545,98.9999,-8.4971,0.2722,0.8866,12.5366,38.0888,0.0,42.0536,301.131,35.4465,14.657,316.3834,3.5775,49.6477,23.8484,19.084,128.5614,30.4144,8.907,27.5522,112.5156,151.3203,50.3861,59.8748,61.1733,59.4646,64.3766,315.7879,786.1721,186.9636,1292.687,1442.4526,63.0062,953.8396,309.9234,1812.1725,2064.2643,62.3198,9.7165,87.6095
73.94,74.9,0.96,20.77,93.8952,1.8542,4467.6558,2448.41,1198.2475,39.5805,123.09,164.6712,120.4001,8.9509,26.516,20.1786,87.2179,73.1701,170.3241,19.0565,170.3241,-12.3816,-4.2563,7.9663,13.5735,-5.4779,35.4565,3.2021,-68.6208,883.2455,64.9779,48.8532,-39.6914,12.2767,90.125,6.0315,8.4473,94.3274,108.6518,104.8323,20.0515,7.7111,102.6305,-15.8264,0.25,0.9081,10.8352,36.516,0.0,42.6906,272.3614,33.6633,17.7582,306.1512,3.3339,48.8397,14.1371,8.9783,148.1636,33.0569,1.6308,12.6373,123.2745,161.1475,44.1458,66.1797,64.45,71.2687,26.1097,290.1196,710.3156,219.2143,1332.2808,1498.5422,62.2537,1063.312,240.3901,2046.8411,2300.999,62.8641,9.2737,116.8558
82.13,81.6,0.53,20.77,93.8952,1.8542,4493.511,2495.4154,1147.5924,37.1457,123.2453,166.9969,115.1576,18.5626,32.089,22.5224,88.4862,61.1406,-4.3039,139.7484,186.9017,0.0532,-7.2841,-13.5362,9.8749,-6.1578,18.7578,3.0566,-68.1961,863.1134,63.0607,54.4266,-40.2312,12.443,90.584,11.5216,8.4556,90.6618,107.6883,103.7146,26.316,5.778,100.8853,-0.8323,0.2183,0.8643,13.634,33.3677,0.0,45.9736,297.4361,26.019,9.1405,307.4861,3.3696,39.9195,33.2048,12.488,107.6454,38.9202,16.9766,18.0344,118.3289,133.3772,54.9611,64.4816,69.7392,77.8767,69.7762,306.5766,702.004,208.1525,1345.439,1496.8666,63.6895,888.2705,216.9738,1711.0767,1898.6674,64.5695,8.0116,90.6923
85.76,85.3,0.46,20.77,93.8952,1.8542,4564.281,2550.774,1128.5779,38.0216,126.5687,165.2703,115.4278,18.0195,35.5765,19.4503,88.0877,51.8737,-163.0194,151.4598,208.8807,5.5398,-5.6527,-28.6534,1.7519,-5.5598,7.165,3.1657,-69.4709,822.9446,61.5267,57.6569,-42.3684,14.1216,91.9885,13.2695,9.1221,90.7103,104.6441,99.2142,27.2717,5.8893,99.9115,-7.8096,0.1964,0.879,12.7453,34.3973,0.0028,44.6944,313.5372,33.906,7.3228,317.7277,4.4952,53.9401,12.2953,28.7514,139.8161,18.3491,17.6655,37.7557,126.5478,133.6048,63.8208,72.4513,67.5254,86.6188,66.9774,320.86,698.8131,199.5283,1251.876,1378.5193,64.9432,869.4262,213.6047,1645.6395,1861.683,62.5208,8.5334,87.7478
87.48,86.9,0.58,19.61,93.4416,1.905,4139.4623,2423.2575,898.6531,30.5093,126.3478,162.0521,100.4227,22.1984,28.2588,43.5012,105.281,36.3673,151.7953,285.1168,459.3714,0.1301,1.9803,20.0937,8.2194,-5.5436,48.2467,3.0377,-33.6208,708.0292,34.3092,75.0599,-21.7541,40.5599,110.7552,11.0033,20.3044,109.1869,127.329,117.2885,28.0858,11.4371,127.3385,1.26,0.2359,0.8576,6.2391,45.3063,0.0056,43.5523,288.8569,43.5359,36.8165,301.1009,3.4022,61.4356,42.2032,21.076,89.785,25.1883,42.3818,43.3091,117.1997,49.637,58.4866,55.5203,75.8483,67.1855,84.3213,325.6734,729.9436,69.8221,1302.2203,1415.4714,66.7547,1105.9511,158.4757,1923.2479,2217.8242,60.2495,5.9525,56.3873
86.98,87.2,0.22,19.61,93.4416,1.905,4137.5171,2422.2182,922.3648,31.4477,126.5268,164.2258,104.5444,17.1517,28.1265,42.0475,105.3483,50.66,218.5966,217.8437,396.2555,-3.5766,2.8363,23.0265,10.1536,-3.6572,51.42,3.1846,-40.0508,744.8367,31.6053,74.998,-24.0457,45.4407,113.6791,9.105,22.3572,104.986,123.3616,113.7701,28.9231,12.524,126.3407,-0.3654,0.2183,0.9059,6.0412,48.6921,0.0,43.938,296.5382,44.5107,39.185,315.1305,1.7538,63.2899,41.9967,18.908,108.2341,30.4283,41.9471,54.0368,136.6878,74.3129,66.0874,62.9879,86.8615,71.4273,55.828,335.7232,804.3163,84.399,1336.7022,1465.8296,65.701,1320.2953,198.5476,1966.1671,2370.3017,56.2629,6.9769,64.2392
81.26,80.8,0.46,19.61,93.4416,1.905,4266.0807,2447.1359,944.0324,32.2721,125.2893,161.7043,102.233,19.59,28.2783,43.5665,102.4261,46.1663,148.9233,237.7836,373.8234,-2.5624,2.2398,23.0293,9.5985,-6.6431,51.5439,3.1105,-40.9039,722.1191,34.1864,73.646,-28.2611,41.5648,110.7584,10.5556,20.0287,109.2463,127.2535,118.0366,27.1367,10.3581,128.429,1.9866,0.2547,0.8815,5.5003,51.3951,0.0,45.9072,305.5302,37.3706,35.0822,318.5991,3.1171,54.9042,36.2562,16.904,97.7613,27.0244,44.1185,44.7303,127.1925,70.6544,62.3201,56.9857,84.5803,70.0411,64.295,340.6124,746.1267,78.8752,1358.263,1486.092,65.936,1120.9839,142.5562,1874.5593,2182.6458,59.1674,7.1312,55.0201
82.25,81.8,0.45,19.61,93.4416,1.905,4278.1392,2509.773,870.8432,30.1853,127.578,162.8884,103.5931,22.262,30.1382,44.1957,99.1281,20.6362,170.4053,208.4554,395.1634,7.958,2.4608,10.953,7.5028,0.5224,41.1367,3.2385,-43.1496,678.9022,32.5861,81.546,-19.6575,39.214,113.5433,14.2712,22.4284,105.7855,126.2206,115.557,33.0849,12.9149,125.3536,1.3622,0.25,0.8766,10.5831,46.5667,-0.0028,44.3806,300.6386,41.0527,36.5792,311.0076,1.7118,55.5998,55.1298,28.2112,99.7608,26.9639,37.1491,49.6342,125.2712,74.5389,68.7206,53.3822,88.3573,59.13,121.5008,335.4809,802.7511,77.9567,1430.1012,1595.6265,63.5425,1192.5051,239.9558,1904.5061,2255.3969,57.9653,14.5763,61.2819
82.44,80.8,1.64,19.61,93.4416,1.905,4273.6993,2496.4637,923.14,31.4035,128.1823,163.396,102.6075,20.9035,27.7254,43.2626,104.7155,43.3791,254.5623,220.3547,478.2262,-1.5102,2.8098,23.2375,9.889,-4.5334,51.0131,3.0754,-41.454,745.2212,33.1929,74.1983,-24.8767,45.327,115.9793,9.6161,19.2516,107.4539,131.3755,118.9375,26.7655,10.1826,127.3702,1.7702,0.25,0.869,6.1472,48.6093,0.0,44.6221,287.8813,41.7253,34.8221,299.1787,1.8713,57.9353,37.8643,21.6991,95.2553,25.4972,43.83,49.1779,121.1706,66.5273,60.0783,57.4203,78.3802,70.0197,67.5243,322.7034,738.4622,83.6266,1302.4958,1444.917,63.1391,1192.8736,146.9165,1962.959,2297.5957,58.807,6.3756,47.4582
82.45,81.2,1.25,22.04,82.5552,1.8288,4790.2632,2501.2289,1157.1236,32.5966,119.016,177.7231,110.1438,39.9398,28.47,47.9099,95.6919,39.891,185.5531,267.7398,287.8109,-13.4881,8.3766,16.0287,14.6059,-2.332,46.7243,2.8194,-30.7055,786.4252,34.5393,72.9698,-42.25,33.6401,91.7803,19.3669,17.0404,115.2872,123.7265,119.8782,33.4452,7.8102,123.5733,16.9505,0.1786,0.7755,0.4152,34.5722,0.0084,49.0929,320.4662,33.5574,43.1036,324.0148,4.2324,39.0752,65.1062,12.2861,84.0646,49.6481,50.4939,5.1492,105.0868,135.9295,23.8196,47.2908,69.356,34.3773,97.3253,363.5698,838.0434,94.1936,1086.744,1328.4457,53.4615,865.4577,114.6097,1721.6928,1926.4694,63.3491,12.0822,42.1761
78.72,79.6,0.88,22.04,82.5552,1.8288,4787.5497,2517.2352,1133.6801,31.7824,119.5278,176.9715,109.7528,41.3738,26.3994,50.2046,94.9116,37.7685,237.2732,285.1692,302.6238,-15.5969,10.362,17.6471,13.4443,-0.5843,46.8441,2.8922,-31.8712,783.0267,37.2466,73.5336,-41.1983,32.6045,96.0007,19.8287,18.9914,114.4641,123.8367,119.8844,34.1209,9.5607,123.3794,15.4099,0.128,0.7906,1.941,38.4196,0.0084,51.109,308.4308,31.4342,39.3713,312.8713,4.0324,35.2449,59.9345,14.5461,88.4352,48.3988,48.3929,7.9141,115.1617,155.0543,24.0202,49.9291,74.283,38.5273,86.1221,347.8021,822.1896,95.3621,1115.1036,1340.9861,54.5361,944.2851,131.4873,1800.2767,2034.0792,62.3885,16.0202,58.1076
89.32,87.7,1.62,22.04,82.5552,1.8288,4844.0127,2519.1291,1137.6039,32.552,119.0113,177.5961,109.9016,40.9209,27.1353,50.2572,95.0216,36.7439,464.8216,266.0854,464.8216,-14.6007,10.4361,19.1772,14.449,-1.1079,48.9153,2.9649,-31.0491,762.1529,32.5971,72.7947,-38.6096,32.3898,93.0334,19.171,17.3907,115.9294,125.0645,121.3613,33.7921,8.6649,123.5312,16.3388,0.1786,0.8039,1.1729,34.8259,0.0111,51.0227,311.8602,30.7771,41.6502,317.6159,3.8482,33.7025,49.6834,18.9575,94.3401,43.7484,37.2022,9.8708,116.5704,160.3655,24.0232,51.7904,68.2159,35.3294,77.0401,353.5104,862.4382,98.5495,1121.8308,1380.3545,53.1222,1044.6887,126.7268,1879.1764,2153.6721,60.929,18.4606,96.3637
83.92,83.3,0.62,22.04,82.5552,1.8288,4854.6356,2538.5477,1159.1518,33.1581,119.269,177.2404,110.7728,40.8803,25.6052,50.2107,96.3368,47.2429,357.7431,230.2714,357.7431,-14.8541,9.9885,22.0987,16.0862,-2.6317,50.5928,2.8922,-32.4272,814.9158,34.8273,72.0283,-40.3079,35.3241,95.0659,19.0834,18.8622,115.1769,125.7727,121.7278,34.1371,9.9172,123.167,14.7884,0.1456,0.8045,0.6495,36.8282,0.0083,50.6978,315.6423,33.0698,42.5669,323.4375,3.8018,35.1063,56.0765,15.9867,96.4453,53.5586,37.5914,7.0931,118.9583,159.6818,27.314,46.2775,81.8752,40.4769,81.6211,358.2091,828.7402,83.902,1091.9892,1312.9226,52.531,921.549,119.7174,1915.4673,2055.16,68.8628,15.2422,90.3185
87.07,87.3,0.23,22.04,82.5552,1.8288,4815.1338,2556.2439,1163.769,31.6764,120.6099,178.3422,109.6504,41.2637,26.1027,51.2293,94.3894,39.4975,239.2171,236.6993,282.1453,-14.1801,10.6113,19.6289,14.9129,-1.9941,48.3854,2.8382,-31.6354,801.632,39.4764,71.6066,-38.8341,34.6507,92.7229,22.0404,20.3587,118.392,129.9501,124.9405,36.4842,11.1677,126.0397,15.3555,0.1819,0.7934,0.2105,36.3047,0.0111,51.7078,310.4577,25.231,43.2301,311.7266,2.8577,29.3302,52.3761,16.9423,91.126,48.2787,41.7411,6.5369,103.8546,130.6973,23.2549,42.5676,75.302,27.685,88.2128,353.3773,830.5556,82.9377,1073.3604,1308.9091,51.695,874.6698,88.8384,1757.1773,1962.3856,63.5703,14.7487,71.9414
71.16,71.3,0.14,25.07,97.9776,1.8288,4590.4895,2536.6925,1115.7122,27.6736,120.6299,173.3415,107.2487,24.7897,24.4646,43.9762,84.2437,50.2754,70.7572,249.1725,259.7944,-13.9098,-4.3438,7.0524,9.6499,1.6022,30.8059,3.3652,-46.6938,660.9278,41.1414,80.2657,-42.0841,37.3146,103.8023,15.3213,22.2572,101.0997,124.7295,118.1147,34.698,15.1358,116.3851,10.7217,0.1644,0.8976,-0.5351,45.5291,0.0027,58.6407,389.4072,51.831,12.8008,409.8558,6.5194,65.0253,50.7214,9.2067,129.0696,46.233,65.1752,20.4422,99.0568,136.8527,31.213,91.6992,56.7043,62.1129,86.3753,402.208,817.5504,128.7844,1297.4214,1464.1754,62.3149,1292.8209,222.1844,2187.9993,2518.6683,60.356,18.3607,149.8577
80.76,79.7,1.06,25.07,97.9776,1.8288,4648.2385,2591.69,1122.4439,27.0901,121.9938,174.7342,109.2812,26.0594,24.282,42.2101,85.4842,50.521,44.1664,301.7993,355.6186,-14.2805,-5.8172,3.2829,7.3585,1.1732,26.5811,3.4204,-46.7504,716.0731,43.0914,81.0442,-47.7052,37.8539,104.3481,16.2779,24.027,100.1519,125.6752,117.9551,34.9907,16.5889,115.5894,12.5499,0.1819,0.9007,-0.0602,47.3695,-0.0028,56.661,402.0123,47.1302,13.7052,417.0031,5.662,65.2351,54.6789,11.8113,125.3035,46.9499,72.7997,22.8667,104.9038,170.1227,28.6461,83.8927,58.9226,69.7806,111.1206,415.7175,827.1511,100.0616,1285.2024,1465.8913,59.8411,1311.8617,226.6972,2065.7568,2426.105,58.3766,9.3953,132.4892
81.91,82.8,0.89,25.07,97.9776,1.8288,4609.7591,2547.128,1093.1473,27.1073,120.3552,174.3888,106.0587,28.2838,24.1544,44.3906,86.426,49.6745,123.7845,246.5151,314.2807,-12.5301,-7.4085,5.9762,10.5765,-0.1174,29.1198,3.4029,-47.1451,679.8101,41.2341,82.8328,-40.791,37.6752,102.959,15.398,21.2444,99.4288,123.6056,116.1567,33.6626,14.9346,114.346,14.7803,0.1631,0.9183,-0.3311,45.1169,0.0028,55.6706,395.3333,53.7243,13.251,413.9898,5.7698,66.9746,59.7922,9.5151,120.243,56.4786,75.3021,19.5684,99.3559,199.3915,50.905,79.3461,48.3994,55.029,81.4329,408.5843,871.353,120.7259,1351.9973,1528.8334,62.0666,1397.9219,192.5606,2393.4466,2770.7648,59.75,17.1175,165.8799
78.36,79.4,1.04,25.07,97.9776,1.8288,4595.8338,2538.5088,1110.3496,30.6289,121.998,176.6785,108.1366,26.5157,25.9779,41.845,85.9065,55.5076,85.0779,304.4959,316.5085,-12.4443,-6.8981,1.9878,10.032,-0.3492,27.2013,3.4016,-47.1781,688.5236,39.6443,81.6481,-39.4281,40.7803,105.3,14.24,23.1255,96.1471,124.4684,116.2972,35.2461,15.2791,113.7495,14.5122,0.1819,0.9166,-0.488,42.9617,-0.0056,55.8687,402.1653,57.0816,19.0123,419.1219,5.0801,72.2355,59.1761,12.1181,129.3519,62.2983,70.2213,23.3383,92.1557,159.9538,35.3659,82.3527,53.9398,54.4997,110.8678,421.1776,836.0875,135.3022,1347.0449,1522.3523,62.2083,1411.8389,197.2903,2298.8404,2696.2511,58.4153,14.1461,154.8518
80.98,81.4,0.42,25.07,97.9776,1.8288,4588.9379,2555.0329,1103.3482,28.8154,120.5414,175.1408,107.144,26.8838,24.1646,41.3426,86.0754,55.7306,144.2042,253.2221,298.1606,-14.9008,-5.8964,6.9711,11.2952,0.4794,30.3083,3.4932,-48.5945,676.8184,39.708,82.5711,-39.6469,39.0038,101.7422,16.7541,22.909,99.0992,124.6357,117.5856,35.6592,16.365,114.2644,12.3444,0.2183,0.9301,0.4372,45.7139,0.0028,57.6,399.1206,48.1867,15.2928,414.1695,5.4777,66.8936,54.215,9.1511,114.7398,64.7965,65.118,24.8885,115.611,201.8835,34.7978,81.5947,63.5221,67.5213,78.7448,414.4134,890.8621,118.2811,1417.9481,1603.2536,62.1109,1599.6268,208.3005,2617.4556,3067.8034,58.5693,13.609,190.4116
85.28,85.3,0.02,22.85,83.916,1.7526,4915.5209,2590.5913,1179.9019,29.3986,119.4715,180.7525,111.0756,10.4279,26.2529,46.66,80.8782,49.6636,176.4395,148.2,187.9739,-17.3113,1.6432,6.3145,8.6412,2.8614,33.2533,3.1293,-45.635,889.6729,45.0904,74.2213,-25.4747,21.1055,105.4339,26.1829,22.3637,104.2815,87.8766,83.1025,45.8941,12.7782,117.0203,11.4686,0.4821,0.8766,10.8524,50.2213,-0.0083,47.2894,353.1536,41.46,16.94,379.6409,5.2757,61.6209,37.6855,5.1875,114.2699,40.6886,24.5835,7.9441,44.4645,205.8335,48.8838,35.2668,35.6703,4.5107,119.459,370.0936,886.083,87.0071,1494.0183,1737.2575,59.4131,1024.4989,407.9984,1629.3287,1967.1854,57.8505,20.9167,54.0407
88.73,87.3,1.43,22.85,83.916,1.7526,4907.1488,2575.8336,1174.0236,30.2127,119.4508,182.8873,112.2004,16.2433,29.6155,42.0786,83.8702,24.7941,115.3684,179.6939,202.4913,-7.8853,-0.4144,-6.4039,9.9835,1.4408,23.2362,3.1118,-37.4742,867.7817,40.1904,88.2438,-18.0552,27.1198,100.6227,28.7411,19.8571,106.4904,92.2454,87.8936,47.0106,11.4421,119.6563,8.966,0.5822,0.8825,7.8778,43.3841,-0.0028,45.2741,344.931,37.9175,23.638,366.8342,4.7844,61.8104,36.6938,12.7947,121.2301,36.4332,30.4972,13.2199,34.0213,160.1767,32.486,38.4461,17.7673,1.0865,148.2901,368.5689,811.5687,84.2282,1366.2779,1590.3499,59.3757,989.1275,210.8863,1581.1516,1858.1097,58.3504,15.7104,38.4211
82.66,81.4,1.26,22.85,83.916,1.7526,4874.6032,2544.8622,1137.2843,31.0688,119.0672,183.0124,106.3032,15.4978,22.4449,45.7828,85.6698,64.6365,-22.7031,101.2454,245.3325,-15.0273,10.2128,23.2175,16.1437,2.5515,47.8773,3.0741,-33.9472,806.3448,38.4003,74.7965,-15.0629,24.2671,102.3592,28.7109,18.4895,105.5574,94.6935,89.6812,47.5718,12.3432,115.5389,12.9462,0.5714,0.9198,9.4588,44.2583,0.0,47.1181,311.2227,47.5654,18.8758,368.4658,5.8429,64.3199,38.626,0.9978,119.9947,44.6488,23.5495,3.48,62.0034,155.0397,32.1887,40.5715,46.7629,6.683,67.4306,330.0985,801.0823,83.0432,1316.2778,1544.8872,58.8215,1028.8172,329.9178,1543.2318,1867.4266,56.4784,15.2198,43.9689
89.41,91.2,1.79,22.85,83.916,1.7526,4956.7299,2610.6242,1177.1838,26.1595,120.9409,183.3368,109.4309,16.0916,19.548,42.3096,85.9941,62.3427,75.3266,120.6303,177.4587,-14.7861,7.4573,13.5,14.4073,4.22,34.3477,3.0202,-40.8345,942.0114,40.6523,70.8756,-15.7811,23.8646,104.2091,28.6513,20.7506,103.1729,90.9843,85.2743,46.9206,13.5515,114.5101,10.5844,0.5633,0.8958,16.3426,45.1865,-0.0028,42.3942,318.7618,41.6146,17.4253,362.2975,4.7092,62.7477,39.3718,2.7973,129.6177,44.7075,20.4495,4.795,37.6807,190.4694,42.1391,24.543,39.8293,0.189,90.6841,336.1871,726.8131,79.5291,1309.5097,1501.5931,61.1784,1035.4716,483.9428,1617.5191,1979.933,57.3758,13.9344,46.6196
80.86,79.8,1.06,22.85,83.916,1.7526,4852.1552,2608.7624,1166.1923,30.6266,120.5796,180.0214,111.5295,12.112,25.1533,44.5132,81.6667,54.7416,-21.0891,86.1566,168.6834,-18.4716,3.867,9.2611,8.5275,3.8188,35.5268,3.128,-42.4678,883.2158,38.1217,76.7953,-16.701,28.1508,102.7903,28.9025,23.7021,106.4564,88.3453,82.6319,47.6088,14.6127,119.9097,7.1742,0.5536,0.9012,6.3792,45.9219,-0.0055,45.1796,333.412,44.9623,18.0088,369.6899,4.8467,68.1803,32.7155,3.8553,119.6732,39.2573,23.3985,15.1316,44.8732,195.0732,46.6984,43.0982,25.2734,1.9567,103.5755,351.4208,831.4792,104.9453,1354.9123,1575.0082,59.4775,1042.7425,271.8856,1557.4027,1882.066,56.3707,14.9547,54.0992
87.97,89.3,1.33,18.62,73.4832,1.8288,4401.9825,2322.3494,1049.8619,37.2019,108.0203,176.5847,100.9915,27.8028,29.1612,49.7162,89.0454,58.6187,294.6996,128.9512,295.9132,-25.6439,13.0399,18.2746,11.0166,12.868,50.184,3.1293,-60.5876,701.0233,43.8703,85.6829,-39.3074,40.359,81.339,37.0427,39.62,123.4286,95.7129,92.8797,56.9695,26.2419,137.3842,8.6923,0.1819,0.8836,3.7319,57.8741,0.0,54.0983,236.2709,4.0084,41.8902,244.007,6.1826,18.8923,24.9188,7.4965,51.383,17.149,32.9,19.8165,102.1485,117.37,40.9672,40.3052,83.0314,62.7387,62.4152,278.1611,547.3268,89.2694,897.0216,1009.6533,60.2093,811.2999,349.0479,1474.355,1685.8465,61.1886,5.858,83.5284
87.78,86.3,1.48,18.62,73.4832,1.8288,4405.544,2397.2144,1053.4913,35.6771,110.3041,179.4328,99.997,29.9242,31.3135,51.3608,92.9997,43.8803,-72.4578,67.1423,178.2067,-24.9419,8.9605,6.7345,7.34,16.8723,38.0825,3.1846,-69.9003,692.2817,44.0309,88.8106,-41.0985,42.9422,86.7828,42.0467,40.1044,120.8173,96.6981,93.3666,60.4781,27.2085,134.3476,2.2333,0.1964,0.8921,9.7129,56.8681,0.0028,53.9026,254.7863,3.839,36.779,255.2979,5.7583,24.2901,21.5219,10.5498,44.396,10.8551,27.6176,17.2016,94.3902,137.9928,44.0351,41.0008,69.3476,59.6991,70.2818,291.5653,587.2826,92.5144,873.6197,1021.7367,56.7326,822.8969,279.4817,1431.8392,1662.8317,60.1194,5.2117,35.5148
85.7,83.3,2.4,18.62,73.4832,1.8288,4443.5333,2350.0015,1023.2435,34.7857,108.9314,176.3727,99.8932,29.3603,27.7292,47.1267,89.3869,60.1097,151.4687,129.1807,224.7987,-27.4509,13.7226,16.1354,9.1757,16.0474,46.1383,3.1846,-67.2393,680.7167,44.333,87.7682,-40.5345,40.7489,82.6644,40.8809,40.0326,124.6712,94.3346,91.3053,60.3406,26.4288,137.157,5.7988,0.2321,0.8912,4.7254,56.5293,0.0,50.425,246.0725,3.5317,37.3392,251.883,6.0713,21.5848,21.3112,2.685,53.7534,12.4589,30.5359,18.7578,94.4342,122.0855,38.2393,41.3281,80.0566,57.0853,64.677,283.4117,565.7602,84.0011,900.3709,1014.304,61.709,777.5432,336.5873,1404.3604,1614.8608,61.024,10.9917,67.9732
84.18,83.7,0.48,18.62,73.4832,1.8288,4290.202,2379.0368,1057.3129,35.1597,107.0725,179.5667,97.5248,30.296,30.5296,50.2438,91.5175,43.5772,-173.579,75.9808,142.5036,-23.4036,9.6892,9.0493,7.4498,15.9787,40.0065,3.2385,-68.3934,696.9865,46.789,89.9934,-41.969,43.7856,83.4626,42.7417,37.6261,121.7499,94.297,91.8467,59.3373,27.2278,132.3151,-1.4915,0.2547,0.9188,9.2144,58.9708,0.0083,52.161,252.4711,3.2456,35.2798,254.4115,5.5898,23.0044,11.5463,4.3454,51.0401,6.0052,19.9415,19.6163,96.4779,115.787,38.929,40.6857,80.8091,54.0187,71.5797,287.7509,586.2436,85.2652,862.5131,1011.1315,57.0497,738.0722,299.1506,1306.3531,1512.2757,60.5522,6.8786,34.0612
78.23,77.9,0.33,18.62,73.4832,1.8288,4278.7001,2359.4254,1028.6308,34.7173,107.3411,178.5983,99.913,30.562,29.6825,51.2203,90.5221,42.5504,-159.7829,91.5599,147.1045,-23.5529,9.2691,11.1738,8.2455,15.1558,41.3143,3.256,-65.5373,664.578,48.672,89.4434,-42.8239,41.5151,80.8883,41.4261,37.3535,121.0569,93.526,90.9207,58.9221,26.671,132.3021,-1.2101,0.2359,0.9023,7.438,58.6358,0.0055,53.8254,242.9092,2.1322,38.8192,242.3035,5.8109,19.3758,15.1611,7.2373,49.8811,8.2215,22.0528,20.0169,97.6432,109.4367,27.757,41.6457,81.4413,55.2907,68.0275,281.7284,588.3336,85.7807,913.6273,1020.5746,58.5395,743.1989,260.1318,1293.4381,1501.3832,60.1187,7.7047,33.9386
87.74,86.2,1.54,24.1,87.5448,1.7018,3879.1153,2254.7603,1045.3042,20.1234,105.9327,147.9052,91.1595,-12.1053,18.346,43.0727,87.8799,58.18,-12.5449,379.1614,603.3972,-6.9378,-11.0281,9.812,20.158,-1.1055,26.9573,2.911,-29.0077,673.5648,41.5779,83.8758,-43.5416,57.3296,85.6207,-1.1412,27.1583,99.8898,99.3618,99.3123,23.5948,23.0558,121.1646,10.1734,0.3393,0.7706,-8.2137,41.8714,0.0083,58.5513,278.253,37.112,19.6419,258.9604,4.372,43.8235,39.4155,10.6064,65.7933,37.0635,36.0694,11.3051,125.0359,243.8067,89.2505,59.1829,33.3891,26.2557,96.2462,297.8949,919.7292,174.231,1612.4625,1826.5429,61.9082,802.1362,57.2588,1535.8049,1741.9569,62.4268,14.4596,51.8496
81.06,78.5,2.56,24.1,87.5448,1.7018,3975.5119,2265.1397,1047.7307,20.9315,104.1662,146.9484,93.3058,-12.1973,17.6053,38.351,92.6277,69.1019,264.629,449.8225,578.715,-16.1017,-9.6109,19.1192,16.8733,-1.1675,35.0038,2.8935,-23.871,697.6606,36.3519,83.1702,-41.5396,58.1757,86.3046,-5.2844,32.3968,99.5394,103.719,104.5693,24.425,27.4375,124.6756,16.4501,0.3393,0.8042,-12.2858,41.6298,0.0028,60.0161,271.449,35.8645,26.6469,254.6903,2.9804,39.9791,43.0237,15.0644,71.3271,51.3564,33.3182,9.9876,132.1978,268.4055,95.9491,49.5426,40.132,35.3689,93.3786,298.0959,869.1256,181.3722,1580.513,1769.3196,63.258,836.5043,113.4363,1478.2818,1713.2233,60.5033,12.8344,75.2383
80.68,79.6,1.08,24.1,87.5448,1.7018,3816.7,2241.1662,1070.5338,20.4984,102.215,145.2974,90.4793,-12.6716,19.1592,39.5667,89.7562,64.5342,-62.3501,441.5636,632.5247,-10.5042,-8.6262,13.3706,18.3091,-0.5599,31.3088,2.7843,-27.1218,700.6167,40.5459,80.7938,-44.5706,53.3521,82.3454,-2.1326,29.0548,102.2527,99.936,101.4599,22.9998,24.2423,124.5993,16.9256,0.4286,0.7197,-10.5002,40.4734,0.0084,59.8555,279.375,37.2693,23.9575,259.5891,3.7706,40.7224,46.4875,6.1598,50.0614,42.5197,37.5016,2.7912,98.014,246.5831,84.247,48.3754,36.2228,24.487,119.0552,303.3325,856.1207,173.2495,1609.0507,1818.2254,62.4003,733.4481,67.5334,1549.2158,1725.8356,64.7897,17.8387,24.913
82.0,81.9,0.1,24.1,87.5448,1.7018,3830.1485,2272.3272,1078.9711,18.126,108.9813,144.2908,100.078,-12.025,15.5236,35.8315,88.8079,61.4337,24.0949,388.8929,587.9681,-11.2623,-8.0272,18.4135,18.4452,-0.3126,32.6615,2.7115,-26.0218,753.0292,41.0293,78.8163,-45.7657,52.0872,86.1214,-2.8713,24.94,102.7441,98.3031,97.4499,20.2516,21.3158,123.5626,16.3592,0.3639,0.7288,-9.2571,40.785,0.0,55.3808,260.9025,35.1635,24.0887,253.6269,3.9498,43.1457,42.317,4.533,56.0923,43.6921,33.8192,2.9687,112.0384,250.2131,88.1912,49.9102,34.9713,37.5604,102.3057,284.9912,871.9703,204.5377,1604.4206,1792.5458,63.6463,754.6747,79.9835,1595.072,1768.7483,64.86,14.1918,28.9376
88.02,86.3,1.72,24.1,87.5448,1.7018,3879.4173,2166.9675,1060.4178,21.0665,103.196,147.6777,86.7191,-13.1128,20.5054,45.1311,86.0897,56.1443,-71.0852,452.3901,706.1824,-3.0912,-11.6317,2.1827,19.1533,-2.1356,22.0444,2.783,-31.2275,699.8329,44.2769,82.3179,-49.2702,56.5173,83.1287,-1.2264,26.7628,101.142,97.1378,97.3362,22.919,21.8689,122.949,15.4972,0.375,0.7279,-10.2481,40.5568,0.0,58.9053,285.7666,40.6386,21.5273,264.2108,4.5825,40.1082,50.1936,10.5709,57.4044,47.226,37.9629,6.3804,100.1472,230.169,93.2569,51.6178,22.0306,16.7659,127.1336,307.294,903.3183,183.7066,1592.2288,1821.3835,61.0564,720.9773,71.2859,1500.4951,1685.1291,64.3529,15.8385,32.5544
77.63,77.8,0.17,25.16,93.8952,1.8542,4769.9726,2251.9756,1221.8781,40.9071,122.7256,165.1136,119.1791,11.2496,39.3708,45.7994,86.2235,16.324,-178.1199,264.2119,279.6977,-11.9634,-8.7055,-19.0036,0.9845,-1.1199,19.8393,2.9649,-52.3082,733.4025,7.8374,79.5664,-40.1539,44.6593,84.8941,22.4358,26.1611,113.1537,122.095,121.4164,38.7208,16.8735,125.1113,0.7027,0.2547,0.8037,-0.9335,45.6683,-0.0055,47.0392,411.3571,40.1159,29.9557,410.5536,3.3433,52.2108,51.0175,26.8216,91.2748,28.9069,44.0863,35.4532,108.9129,143.1682,11.1339,81.1706,52.6843,54.2298,162.7176,441.3128,818.5858,108.0089,1250.322,1454.5691,58.6386,1002.3233,121.6235,2085.0107,2289.926,65.524,12.2155,25.0999
86.03,85.4,0.63,25.16,93.8952,1.8542,4709.868,2228.1191,1212.0435,40.8231,121.1094,164.3143,120.3667,7.643,40.8231,48.3592,86.1728,20.5199,-102.4174,233.002,248.7835,-18.1502,-6.4386,-10.6962,1.506,-1.0265,30.5626,3.0377,-56.9885,715.4188,15.3934,75.0877,-49.0122,43.8752,82.8099,20.0859,25.5004,112.1426,123.8884,123.283,36.5066,16.6586,124.4123,1.0661,0.25,0.8225,-2.5115,43.7785,-0.0028,48.5158,411.2184,38.4288,29.4816,409.2503,2.8916,49.3603,42.8269,33.859,103.6601,24.578,41.435,39.266,110.848,144.5413,9.4979,83.7693,61.5698,53.9219,148.0801,440.7,848.6048,109.0157,1281.091,1486.1027,58.8731,1050.001,109.0971,2084.4073,2314.4135,64.1866,12.3811,38.2915
85.87,88.1,2.23,25.16,93.8952,1.8542,4676.293,2166.1876,1211.1409,41.0746,121.4469,163.8443,120.9024,14.2944,41.0308,49.1819,83.882,21.8675,-47.6185,246.049,252.1743,-19.3591,-5.9803,-8.7477,1.2833,-1.7536,33.215,3.0377,-50.4417,725.7454,18.5476,73.6605,-55.3101,43.627,84.0122,19.5967,25.4205,110.6283,121.5582,121.289,36.7167,16.8132,124.0812,0.8835,0.2321,0.8221,-3.2846,47.9806,-0.0027,49.4547,412.4788,42.5219,31.2159,412.8314,2.568,53.1747,37.9857,27.4348,103.9316,21.8484,39.1919,37.0374,116.9603,146.6166,8.3171,89.9705,66.1093,54.4308,139.4126,443.6948,802.0033,146.7537,1259.0763,1460.2678,59.2014,1057.859,125.5873,2089.8891,2324.3635,63.842,13.8812,46.2684
83.37,85.8,2.43,25.16,93.8952,1.8542,4653.6059,2259.4512,1235.7124,39.2613,128.1667,162.7623,127.8668,-4.0853,37.8436,46.6926,78.621,43.795,22.3222,254.8515,262.8235,-23.2146,-0.8193,1.1582,2.9518,-0.8424,41.434,3.0202,-54.3959,781.8849,33.9524,70.5897,-67.1409,44.5461,83.1151,20.3137,25.7496,114.3254,119.5653,119.2842,37.3082,17.1002,126.7488,3.3231,0.2321,0.8287,-6.0385,45.2312,-0.0027,47.049,402.9985,36.0456,28.656,405.2741,3.0982,50.7416,31.1754,31.2622,104.0117,28.5851,39.6055,33.3006,112.2426,159.1606,7.7657,82.0569,61.4006,53.6429,122.9619,431.6545,795.063,137.2903,1282.8484,1480.4417,60.0474,1049.7685,95.6367,2092.1624,2323.0431,64.12,13.5598,54.5979
87.09,86.0,1.09,25.16,93.8952,1.8542,4785.4809,2271.091,1221.8169,41.7029,123.3582,164.385,119.8621,5.5265,40.7973,47.8532,84.5895,18.0289,-149.1623,309.5833,314.4543,-12.3909,-9.2703,-18.3325,0.9721,-3.2414,22.4878,2.9649,-44.6952,730.5825,10.8406,78.4302,-47.3937,45.3105,83.9277,22.1224,23.453,113.7314,120.3966,119.6214,38.6517,14.1326,126.2335,3.3153,0.25,0.7993,-5.2882,42.9983,-0.0055,48.788,431.0709,37.5189,27.7889,423.9131,2.4569,54.9023,51.8595,36.286,94.1849,24.0698,47.8909,33.7742,116.1985,123.1053,13.5183,83.4733,63.3615,57.8358,170.3728,458.8599,774.2387,110.7034,1227.5936,1410.4902,59.934,954.1761,69.8841,2004.9913,2199.9136,65.6735,14.0995,28.1073
87.56,85.2,2.36,20.71,85.2768,1.8034,4485.2356,2336.4172,1105.7263,32.1945,102.2082,156.6749,100.8075,8.3474,28.7066,39.804,82.7969,63.6497,347.0038,42.2854,361.0223,-13.3329,4.9262,11.128,15.8547,3.5454,40.7154,3.3113,-45.5046,592.0211,21.7644,74.3585,-33.0317,35.3945,77.4808,22.5031,33.8591,113.3861,112.6887,112.6031,38.4861,27.4372,126.1267,-0.8277,0.4464,0.863,2.3036,47.3794,0.05,47.6356,328.4815,27.3167,20.016,330.8136,5.8305,44.0326,12.7246,8.3097,55.5651,25.9194,3.3045,22.6977,84.738,141.6777,39.1348,41.6441,63.252,55.4609,63.1479,348.4975,904.9162,69.3165,1300.2262,1498.6082,54.1822,1019.7928,160.4265,1676.6194,1924.9859,57.979,12783.5858,69556.795
87.47,87.1,0.37,20.71,85.2768,1.8034,4497.8672,2300.4387,1130.8044,31.9456,100.7057,157.0058,98.8592,8.2132,26.9177,40.9639,87.7699,72.3363,490.5458,6.7133,490.5458,-16.3076,8.378,19.1004,18.0012,3.4617,47.9535,3.2937,-49.6423,648.8555,23.0934,71.6888,-31.2872,35.9363,76.5164,21.9896,34.3767,113.2927,112.2091,112.3581,38.778,27.2292,126.1806,3.029,0.4286,0.8825,2.1866,48.2626,0.0555,45.4684,329.819,27.8651,20.8272,340.0369,5.4115,43.5192,9.298,10.4903,74.885,28.7166,8.9715,27.69,87.5542,144.4186,39.5875,40.284,73.5287,64.9267,55.9755,350.6462,901.4948,65.9484,1284.8986,1521.6414,54.7566,1172.9464,219.4997,1762.458,2071.7278,56.3066,12751.2698,125017.5075
84.57,84.9,0.33,20.71,85.2768,1.8034,4549.3473,2419.0881,1135.3563,34.0576,105.8472,154.9786,103.0661,12.2514,26.8481,40.8637,88.6948,75.2672,465.2487,56.5535,478.7618,-21.4367,10.4636,20.5718,16.9256,3.7309,50.8454,3.2196,-52.1516,626.6971,24.8351,70.4331,-33.4399,33.8783,79.1882,22.9693,36.8505,116.8774,114.4515,114.1068,40.4325,29.1138,129.9718,4.775,0.3639,0.8717,-1.4957,50.1635,0.0612,46.5315,323.9228,26.7157,20.6842,336.6157,5.333,44.2998,8.7771,10.7514,73.9333,23.7713,11.0179,26.6117,89.922,145.1405,49.0905,36.3026,80.3033,73.1249,33.7856,344.607,807.0061,74.4604,1267.3409,1459.099,57.1439,1172.7236,146.3617,1755.2804,2111.0031,56.2526,10621.2292,117593.2991
84.85,87.6,2.75,20.71,85.2768,1.8034,4520.739,2356.7957,1132.0986,33.7839,103.7764,156.8435,102.4763,8.2275,30.0642,41.202,85.4642,70.2465,377.2719,28.3926,413.3827,-15.9132,6.3687,15.5369,15.919,3.7472,47.0482,3.2749,-52.1367,658.5081,27.0267,71.5495,-37.6317,34.8476,82.3513,20.7806,35.8756,113.2161,114.6627,113.7719,39.8818,27.798,128.4222,2.954,0.4464,0.8623,0.2557,47.2462,0.0583,46.3217,341.9157,30.3165,20.3537,348.2732,6.1539,53.7053,10.1059,11.4097,65.6253,25.3208,4.9964,24.4799,87.4831,139.9305,48.4971,39.5092,74.5265,63.4203,60.467,362.2694,877.6266,79.5304,1338.7883,1562.0852,58.06,1096.1222,129.5694,1700.0621,2022.3943,57.1874,12204.3392,100147.861
80.76,81.9,1.14,20.71,85.2768,1.8034,4571.6194,2408.7779,1144.636,31.3947,104.4208,156.3694,102.8188,7.9625,25.279,39.3622,86.151,74.4451,518.7973,25.1669,526.9082,-17.2869,8.0605,18.3835,16.5334,3.3266,45.7416,3.3113,-52.9103,616.8033,31.7564,68.1446,-40.4145,31.2552,80.8773,21.4522,35.6705,113.9504,113.8537,112.1159,40.3883,28.0004,127.7716,3.0532,0.4367,0.8754,2.9917,44.8952,0.0527,44.3738,325.547,24.6573,18.8648,334.9531,6.191,51.9309,10.5024,9.0411,71.5773,27.7413,6.9269,27.0975,87.6005,136.5925,49.2613,40.4682,73.1506,59.8039,43.7013,344.4119,871.4799,51.6495,1263.2978,1503.6064,56.6914,1190.8047,153.7659,1701.4577,2079.6348,55.0141,11734.1465,90169.4273
89.85,90.5,0.65,18.9,80.7408,1.905,4652.053,2445.3121,1173.6058,37.0019,108.1308,178.2169,78.7249,36.3302,33.9737,55.3011,91.385,28.9668,511.2391,482.4929,511.2391,-21.4408,-0.1221,7.8026,12.1177,3.9684,42.4017,3.4204,-28.1045,752.7636,46.7319,73.0451,-76.0377,45.9852,87.0783,33.0439,32.1313,121.5089,90.0031,86.6232,47.7374,25.9074,126.8677,25.9763,0.3036,0.8944,4.6802,44.7108,0.0084,55.3707,287.9466,12.9045,26.9655,275.4913,5.2199,28.3514,105.5493,49.8796,93.4397,62.0053,42.9851,17.134,140.3124,181.0977,67.5872,57.4104,80.9551,65.0531,126.8001,314.9121,715.9039,85.432,1113.5112,1271.8633,58.0007,1199.354,298.4754,1791.8166,2153.9622,55.9625,5014.9794,109852.8213
82.14,83.4,1.26,18.9,80.7408,1.905,4698.0216,2456.6897,1182.7085,35.2655,106.883,176.7554,82.3692,34.6769,31.7745,58.2983,88.5878,34.7014,604.3498,458.5943,604.3498,-23.4378,1.4524,8.0218,12.709,4.0515,41.0644,3.5485,-32.6011,766.1773,47.706,74.3511,-73.9251,40.9565,82.5463,32.6658,32.1898,123.4195,92.3267,89.0341,48.7624,24.9941,128.8118,24.8926,0.3393,0.9244,5.6402,42.846,0.0083,58.3579,303.8144,11.2568,25.3369,289.7444,5.5424,26.3705,91.5517,53.8166,115.1926,53.5881,31.4514,17.0509,126.4806,196.7813,77.0623,47.625,77.1752,60.1703,138.3869,329.1513,748.6015,71.8085,1094.8077,1285.0641,56.7583,1324.5395,336.1414,1850.4356,2295.172,54.4049,7427.436,82099.3196
84.41,85.1,0.69,18.9,80.7408,1.905,4703.0047,2492.7709,1151.8759,37.2855,110.8439,180.5667,79.3373,40.56,36.4707,54.4194,93.7811,24.1419,390.0026,471.0719,499.0138,-20.653,-2.0541,0.101,10.2178,5.2359,36.2344,3.4744,-29.134,693.0907,37.5859,74.7553,-76.6781,43.5726,88.2363,39.7105,33.0908,123.7026,95.063,90.6234,55.2079,26.1324,130.0922,21.2229,0.345,0.8983,4.3567,45.7158,0.0139,54.6907,300.2003,9.868,30.7614,286.6047,5.8602,19.4657,111.6542,38.0348,105.9998,67.1191,66.6632,25.6223,133.5723,166.1663,70.3841,52.8081,79.9785,65.4003,134.2652,330.9617,733.2582,74.6207,1128.6927,1311.9791,58.4869,1160.6866,216.3683,1772.2379,2100.2572,56.3781,6974.6485,110814.5703
89.92,91.5,1.58,18.9,80.7408,1.905,4598.8606,2390.0056,1154.4765,38.152,107.4733,180.3029,80.6369,38.1044,36.9871,55.4764,93.2638,21.4722,426.1997,516.4754,521.434,-18.4061,-3.5056,0.3131,10.0669,3.1342,37.0458,3.4204,-25.7167,720.623,41.7017,72.9834,-74.6338,46.7086,89.6277,34.1292,34.7673,119.4999,94.0612,90.6542,51.513,28.2497,127.2933,26.4214,0.3929,0.8819,4.8234,43.88,0.0111,55.7507,296.475,17.2303,31.9957,281.8331,5.1652,28.1652,118.1087,44.0342,88.5442,75.7089,65.1213,24.7796,130.4755,175.3823,56.198,61.4481,70.4533,61.9463,184.4093,328.4707,739.6827,78.981,1123.2829,1310.8324,58.1364,1213.1023,239.618,1857.1189,2188.772,57.7198,7855.4036,125202.0753
86.66,86.1,0.56,18.9,80.7408,1.905,4611.5067,2325.5152,1171.4848,38.6462,106.3325,179.6653,75.9893,35.5919,35.5453,53.8701,91.6777,31.1927,424.5063,455.0477,455.1758,-23.2041,-0.8195,6.0213,11.6511,4.5265,42.0804,3.4932,-28.4114,772.1742,42.6549,76.1531,-75.6156,49.2844,87.9228,34.861,34.6075,120.1882,91.5136,88.9787,50.6081,28.7752,126.0231,20.6185,0.3571,0.9174,2.0741,48.4875,0.0111,53.984,295.2278,6.1132,33.1287,276.9016,8.5647,26.8621,107.6041,41.4315,101.6135,70.3695,52.7307,22.5832,133.4278,178.2071,60.7789,56.6996,81.1717,66.4924,122.8066,324.4252,744.035,74.0792,1119.8303,1281.8247,57.5841,1281.3741,260.3477,1829.6411,2212.6507,56.1501,7616.525,117982.6473
87.53,88.9,1.37,20.68,87.9984,1.778,4407.4291,2378.0773,1195.6533,30.2248,130.9304,171.4749,130.8956,-30.6105,29.5885,45.0384,76.3147,61.9757,41.0454,371.099,449.1645,0.1344,-0.3902,5.0897,-2.9637,2.3077,34.6821,3.2021,-27.9827,790.6867,36.5849,66.822,-58.5994,36.4504,90.9527,15.5942,14.7645,116.1063,102.5765,97.838,30.7362,7.8018,124.1004,8.9805,0.3571,0.7831,-6.7734,41.0687,0.0084,53.0657,341.8671,37.5951,21.5948,350.211,1.5339,63.16,48.4411,37.4467,106.9875,30.2303,50.6697,28.5409,84.9095,134.9339,51.4842,42.3042,56.8181,65.2298,183.3917,363.4619,795.4037,99.02,1303.0306,1479.9279,61.751,1099.451,90.7603,1656.0317,1958.0069,57.831,12611.9225,88128.3587
86.4,87.9,1.5,20.68,87.9984,1.778,4434.5911,2378.0434,1202.6104,31.8101,128.5692,173.8402,128.0544,-38.3447,30.3191,45.3846,78.1418,67.249,74.1731,393.4388,482.3469,0.1878,0.7732,6.3341,-1.6176,2.134,36.6725,3.1657,-29.9646,801.9251,38.3834,65.1892,-60.0621,40.7985,94.8685,12.6114,14.7622,112.9809,97.6815,93.8986,29.4549,6.662,122.7951,11.7334,0.3827,0.7854,-6.998,38.5104,0.0083,54.2639,346.5392,37.1232,23.0258,354.7054,1.8573,63.9907,47.6033,31.8069,108.5187,35.9102,53.6072,27.7565,78.2566,138.6764,54.2743,44.3454,50.278,51.2323,160.1552,369.565,768.4169,94.9213,1281.1702,1451.9069,62.029,1194.6488,109.0796,1697.4538,2094.114,55.1851,12248.469,119640.6494
78.84,79.2,0.36,20.68,87.9984,1.778,4423.5466,2403.8365,1207.4177,30.075,130.4675,171.5322,129.4831,-31.1358,28.4649,45.5176,77.124,66.6783,141.8398,370.691,483.7726,0.7243,1.4085,5.7756,-2.5862,3.8039,34.3144,3.093,-30.8444,866.1886,42.2804,62.8727,-59.0498,36.758,91.9364,12.7916,14.1688,113.398,98.7474,94.2199,27.6307,7.5462,122.66,13.0667,0.4003,0.7599,-6.0959,38.7185,0.0056,52.0563,333.2533,37.0665,19.3904,341.9876,1.3636,64.2455,64.7047,39.7573,103.7597,41.5977,49.8841,22.0192,97.4902,220.9462,114.9904,38.4681,49.3732,60.9919,173.1371,352.6437,723.0458,86.8325,1216.8524,1399.1263,60.2568,1117.6283,137.6097,1873.5097,2180.0766,59.3204,11453.603,144366.6836
81.15,81.4,0.25,20.68,87.9984,1.778,4466.2502,2433.3977,1218.7724,30.8151,130.6266,171.7711,130.3365,-32.2587,29.4061,44.4872,76.9064,66.1273,139.9358,396.1395,479.6222,-0.1041,0.785,8.9161,-1.6326,1.964,38.3282,3.1469,-28.9853,818.9538,38.1203,65.4775,-57.5443,39.3977,92.1172,14.9862,14.3879,116.9696,101.4719,96.6067,31.0101,5.803,125.1832,14.7265,0.3571,0.7754,-7.0805,39.5687,0.0083,53.4942,350.1642,38.165,21.6415,360.2039,2.2066,66.2615,51.1457,36.5061,124.5102,31.4358,55.0174,23.7841,84.6061,128.5171,51.9999,38.1903,59.1515,67.8125,170.5785,371.8057,796.0212,83.3658,1269.7365,1458.9619,60.093,1186.6613,109.6599,1732.1952,2116.5578,55.6707,11545.515,128309.3509
81.67,80.9,0.77,20.68,87.9984,1.778,4363.85,2381.3345,1196.0866,30.7679,129.2688,171.8514,129.047,-32.3272,29.6297,43.3497,79.2201,65.4397,12.0553,360.1173,416.9123,0.1219,0.2674,7.0855,-2.2092,2.8882,36.7299,3.1482,-29.334,776.9302,36.5861,67.1495,-60.6095,40.6062,93.7121,14.9268,13.7517,114.5207,99.3112,94.6421,30.6156,6.6264,122.0599,7.5838,0.4367,0.7827,-5.0363,41.037,0.0111,52.5309,331.8791,37.365,22.4801,343.5726,2.5343,65.5265,38.9231,31.3466,112.343,24.2547,49.1017,31.284,83.2845,139.4338,35.9806,32.6042,56.826,56.9693,149.6105,354.3592,790.3898,92.8522,1324.5467,1524.9547,60.1388,1125.5536,119.5118,1652.1684,1937.8366,58.539,10156.3418,116249.1725
88.73,88.7,0.03,24.02,81.1944,1.8288,4939.6968,2423.0468,1082.303,33.672,109.1663,168.1521,86.5316,37.0473,33.4901,58.1076,79.08,24.7265,158.0979,318.0004,374.8797,-15.0156,-5.585,3.1481,-0.8628,0.4984,36.2659,3.0377,-38.0702,712.3743,21.0873,84.926,-51.0191,34.8108,80.7032,21.5605,31.5092,109.4133,100.0423,97.7124,40.579,24.703,123.8968,10.0052,0.4107,0.8625,-9.5752,45.3931,0.0139,58.3645,355.9162,47.821,12.1601,366.6987,5.1819,52.9271,44.3235,19.9591,129.2526,55.0953,26.841,7.8053,81.8393,248.1394,52.9942,49.6915,16.2161,17.0962,111.0331,368.0763,856.1511,166.3095,1286.8279,1550.5982,56.4632,961.6673,189.671,1952.0631,2169.5677,64.1266,8632.5669,77137.4558
85.2,85.1,0.1,24.02,81.1944,1.8288,4872.8689,2481.238,1121.3678,33.43,109.931,166.8765,86.4345,34.5963,32.1081,56.3945,78.5767,35.611,198.3491,279.976,425.777,-17.6723,-4.3617,5.7108,-0.5803,0.4427,37.8771,2.9649,-37.4276,768.665,27.4133,84.0706,-44.6303,35.221,83.4685,19.6994,32.8093,108.7005,100.9532,97.5383,39.7529,25.4671,124.2779,13.7651,0.31,0.8585,-9.3757,47.0123,0.0028,56.4867,359.0915,45.8479,10.4922,370.8871,5.5025,58.2248,51.9937,21.3179,125.8035,65.9775,32.3998,6.3296,80.1966,246.0061,70.5173,47.8125,19.7997,20.6591,115.2421,369.5837,800.6757,176.1979,1269.3326,1503.355,57.9437,967.9407,193.1069,2024.6036,2240.1603,64.6602,9957.7679,61674.8782
76.56,76.3,0.26,24.02,81.1944,1.8288,4827.2531,2495.8618,1117.0618,33.1593,110.1967,169.346,86.2922,35.0223,31.9701,56.4061,79.2484,33.4015,368.2307,406.5631,514.1619,-16.7823,-4.4219,6.8983,0.1491,0.1429,38.9303,3.0013,-38.8862,792.4288,28.3779,85.3312,-48.4965,36.2039,84.1552,18.998,32.4522,108.8248,128.2133,123.4048,39.0685,25.7515,124.8017,18.7067,0.3393,0.8726,-10.4609,45.9491,0.0056,56.4061,366.0811,29.4174,10.6862,364.6999,6.8449,58.775,69.0341,25.2041,134.669,78.3715,35.3133,6.2773,75.2407,249.1841,63.2514,44.4602,17.7349,19.4123,125.9328,376.2705,832.9725,190.2399,1321.5618,1569.2517,57.9585,1089.9729,214.0778,2030.2342,2300.6662,61.9635,10018.4791,96613.6201
84.03,83.8,0.23,24.02,81.1944,1.8288,4743.3693,2440.7058,1124.1737,32.8829,108.8471,167.0202,83.821,37.3514,31.4476,55.3404,78.432,37.0142,401.8865,424.2599,459.4023,-18.7878,-5.2339,4.6974,0.3242,0.0614,36.1522,3.0566,-36.146,760.2994,32.1225,81.4217,-52.1649,35.0186,85.9833,17.0934,32.3727,106.4861,99.5445,96.3665,39.301,24.3605,123.6706,18.797,0.345,0.883,-8.0644,46.1006,0.0055,55.407,360.3288,42.318,12.7514,368.0269,5.4677,55.2534,67.0055,28.7113,130.7593,71.878,31.5474,6.1251,79.8015,239.3481,67.0494,42.8612,20.0929,23.4994,142.6908,373.0802,794.9452,163.9443,1204.8777,1443.2881,56.7557,1051.7678,249.6186,1814.5287,2082.9353,59.9823,5716.1664,96336.6482
83.08,83.4,0.32,24.02,81.1944,1.8288,4738.6786,2513.0714,1111.7746,33.6803,110.6604,167.8217,85.0174,37.9481,32.1445,53.3188,78.8731,39.1583,282.4754,287.9693,358.6138,-16.1667,-5.1497,6.3379,1.7779,0.8759,38.1095,3.0566,-38.7628,750.9025,28.3449,83.3378,-45.9802,33.3104,85.4515,19.5537,30.7561,106.7937,99.3165,95.4616,40.6841,24.2726,122.1866,11.5647,0.3571,0.8739,-8.7778,41.7005,0.0056,53.5954,356.8834,37.3981,11.1629,367.328,5.0285,52.2149,51.1981,20.7666,132.4465,65.285,27.3661,6.4149,74.2296,253.2479,66.7247,41.0996,19.7979,12.7656,108.3115,368.0462,827.6608,163.4967,1256.5675,1507.6986,56.7635,965.8695,187.9573,1984.3068,2196.1735,64.6884,7283.7669,92699.121
83.68,83.4,0.28,23.13,83.4624,1.8796,4358.9978,2135.3542,1045.6017,34.6381,105.977,176.6805,94.5581,32.1627,34.5263,31.7123,108.7209,53.3516,-51.0804,189.1214,208.5688,-9.7996,-9.5754,5.5348,12.2157,-3.8749,39.879,3.093,-29.4821,603.2791,13.6795,77.065,-32.8317,37.0142,90.9726,13.0558,16.1446,106.3183,107.0482,106.6203,32.2619,3.8552,123.6734,8.8499,0.4107,0.887,-1.9058,38.671,0.0222,36.5731,407.7653,27.6858,45.7453,410.1583,2.3611,40.336,42.1439,7.1119,89.0057,26.0274,44.3597,16.8914,46.3639,109.2048,13.3936,38.6148,17.3574,20.6355,73.2577,453.5106,779.9483,81.7193,1138.9864,1370.3967,56.0153,946.7476,141.9067,1533.0136,1796.442,58.5956,11566.8098,53286.6724
86.84,85.3,1.54,23.13,83.4624,1.8796,4317.2774,2194.6707,1067.9492,34.3167,108.1654,174.9436,95.2403,31.022,34.1597,32.8329,108.8562,54.6064,13.3634,184.0817,211.8444,-15.0221,-7.109,9.3598,9.8729,-2.0107,43.5376,3.1293,-29.2782,625.8764,20.7297,73.6047,-39.3105,35.8033,93.1311,12.7221,19.7822,108.317,106.4635,105.8639,33.5781,7.5332,125.9867,11.1321,0.4003,0.8813,-2.9818,40.2774,0.0166,37.3441,404.6774,28.4399,47.3653,410.9185,2.876,44.8159,41.886,9.6325,89.416,28.6493,44.3401,16.4542,43.7341,71.9283,39.5849,33.6779,14.8044,23.3596,75.5067,452.0427,746.1339,81.7827,1034.773,1269.1757,54.5138,994.3482,158.5978,1487.3587,1769.5905,57.0761,8714.1435,74767.8466
83.94,83.4,0.54,23.13,83.4624,1.8796,4388.4439,2172.0038,1029.5939,34.822,108.3606,176.6245,94.2268,28.768,34.7745,31.2597,108.8864,54.299,-35.3084,184.2053,216.8864,-9.8253,-10.7218,4.6892,10.9376,-4.6035,39.2855,3.1657,-29.0947,595.6791,15.3003,75.0019,-36.9926,35.645,91.4184,12.4557,16.644,107.5022,104.5173,103.4759,31.3098,5.293,124.3985,8.0208,0.3929,0.8716,-2.6802,43.7726,0.0861,38.1676,407.915,28.5413,43.8913,411.6359,2.4471,45.2211,43.2482,10.4652,81.1232,28.9775,44.9492,18.0813,23.5382,29.8107,92.654,25.1947,20.4761,17.1889,94.0427,451.8063,588.2505,94.7231,985.4546,1048.6637,57.0854,893.9844,122.3119,1445.5242,1629.6711,58.5409,9555.0253,63165.3244
85.43,84.3,1.13,23.13,83.4624,1.8796,4335.4584,2174.5345,1042.6512,35.145,106.3032,177.0274,83.017,44.065,25.3439,12.1929,106.2194,59.7036,-256.5008,144.2261,234.7238,6.0137,-17.8346,-13.5989,12.5014,-6.2178,12.5659,3.2385,-27.0143,564.3911,-3.2237,94.327,-11.7762,35.4134,92.1692,14.7183,15.6502,106.2596,104.2242,103.9265,33.4027,3.629,123.4357,-0.1678,0.4003,0.8948,0.5495,39.1152,0.0917,35.5454,405.0023,29.4658,50.3678,408.7331,2.6864,43.7422,70.9795,25.0503,90.4297,40.7467,47.4249,18.3248,60.2574,88.1584,11.8678,36.1226,26.3345,25.2185,164.2768,453.7396,848.6923,93.4923,1144.8488,1408.1141,53.4958,993.5475,113.305,1453.7738,1722.4115,57.4483,9575.0822,41352.5585
79.37,78.8,0.57,20.38,88.452,1.8796,4494.0446,2759.7142,1129.4168,42.9,123.5448,166.2902,120.1424,-5.6519,41.8491,26.9138,84.6589,37.5067,-5.4738,198.2486,199.1849,11.0926,5.5405,-16.7051,17.5197,2.0959,25.3981,2.8746,-40.0836,707.4018,36.1179,80.6163,-63.9996,33.011,101.4641,15.5907,13.5195,104.5841,121.0676,113.0467,26.6274,7.6684,125.1353,4.6062,0.3214,0.7668,-5.598,25.6579,0.0222,53.0063,374.0719,2.7827,27.4771,366.9842,2.8734,39.4956,34.97,17.166,49.4209,17.0107,38.1602,20.5869,114.2766,143.0452,46.3797,87.0387,53.9477,93.6708,114.2816,401.549,705.8404,186.5874,1315.231,1469.9282,62.5808,864.8566,141.5886,1685.4288,1891.2377,63.0494,6307.81,72742.9029
85.07,86.4,1.33,20.38,88.452,1.8796,4550.4618,2742.8536,1129.4417,43.5008,123.549,166.8475,120.5906,-4.7665,43.0251,29.858,80.8465,32.3624,64.808,203.0749,203.0749,13.7337,7.135,-19.5802,17.2407,1.7109,23.5911,2.9474,-38.2208,683.6144,33.9442,81.6893,-61.2637,33.373,100.672,17.8258,13.2813,108.0908,116.9391,109.376,27.5584,7.4844,127.0328,3.5039,0.2722,0.7832,-8.566,30.0569,0.0167,52.5368,375.1143,11.2351,23.8642,374.2766,4.8287,51.1707,35.7823,25.1789,61.4568,18.7465,39.0302,23.586,118.6741,145.6014,48.3969,82.6769,56.3184,88.2459,118.1498,398.9784,744.5092,220.6444,1246.7301,1418.5732,60.7799,921.893,104.1382,1708.8564,1932.4776,61.7749,7850.2644,77906.1103
87.27,83.5,3.77,20.38,88.452,1.8796,4580.0385,2796.3719,1133.8676,43.7838,125.656,167.0499,117.0742,-3.5529,41.4634,27.6009,86.9189,42.2319,34.4653,219.9173,219.9173,10.7868,5.8048,-14.9899,19.4283,1.5518,26.5457,2.9285,-40.7749,698.4257,36.0308,77.336,-64.4204,35.0604,103.6824,18.9633,14.6354,106.3738,118.8993,110.3381,30.7263,7.1047,127.998,8.7825,0.2736,0.7894,-7.8361,26.8132,0.0167,55.3444,377.8488,12.8392,27.2102,376.5586,4.0659,55.3406,40.5714,18.0769,50.6873,27.7409,45.5113,19.4944,120.9458,150.2067,41.4929,83.1032,51.2453,96.2364,110.9692,405.059,741.2111,196.5341,1278.0224,1470.2659,60.8819,874.7938,86.2704,1647.5457,1858.1106,62.8667,16303.1697,77777.3331
89.79,92.4,2.61,20.38,88.452,1.8796,4638.4414,2815.9331,1119.5235,43.0352,127.5534,168.2632,119.772,-7.7686,41.0181,29.8257,85.9435,50.6017,73.1656,159.413,224.8399,9.5379,4.3965,-9.4674,19.064,2.0501,31.8171,2.8382,-39.5189,709.9177,34.7798,77.042,-66.1003,36.4282,102.7861,17.9118,17.041,107.5713,122.5449,112.7367,29.6522,9.4727,130.1785,7.5085,0.2321,0.7853,-9.781,27.6907,0.0028,49.608,382.7873,18.6116,24.2909,385.192,3.4304,64.424,41.2419,21.0323,33.0161,32.0132,35.1938,15.6151,107.5808,177.4803,50.8926,81.3808,43.0797,84.779,129.5038,407.0782,677.9341,205.4832,1254.4113,1414.2349,63.4549,841.1043,117.9198,1658.6645,1863.578,63.3718,11758.9779,77382.03
87.69,86.8,0.89,20.38,88.452,1.8796,4585.8845,2814.026,1099.2458,41.897,127.1583,167.9611,120.2441,-7.2026,41.0187,30.5697,86.0947,38.0567,50.6195,182.9068,195.31,12.5206,6.628,-19.4875,19.1658,2.5284,21.8115,2.9838,-41.2421,661.1621,35.7084,78.766,-68.5702,36.8747,99.1996,20.4796,13.8505,107.1877,119.8951,109.732,30.4701,7.5394,125.8049,5.4433,0.2857,0.811,-9.1578,29.816,0.0084,46.5657,381.4557,10.3608,24.0536,376.5312,3.3046,56.6122,33.101,25.1982,45.324,26.4162,36.4453,21.1842,113.4235,143.3531,42.8905,83.9194,52.2394,88.6173,133.8927,405.3086,783.3543,233.5482,1329.0449,1527.3373,61.1799,872.4705,94.8645,1668.6145,1864.6253,62.4244,10192.3263,78881.2664
